Rank,EntryId,EntryName,TimeRemaining,Points,Lineup,,Player,Roster Position,%Drafted,FPTS
1,4512635706,Popsmdt,0,226.88,DST Bears  FLEX Zach Ertz QB Jared Goff RB Saquon Barkley RB David Montgomery TE Jonnu Smith WR Amon-Ra St. Brown WR Cooper Kupp WR Calvin Austin III,,Joe Mixon,RB,24.81%,38.3
2,4512055919,Denverscoremega (5/6),0,221.84,DST Broncos  FLEX Courtland Sutton QB Derek Carr RB Joe Mixon RB Chase Brown TE Taysom Hill WR Amon-Ra St. Brown WR Quentin Johnston WR Marquez Valdes-Scantling,,Jauan Jennings,WR,21.97%,25.1
3,4512050557,kabosh,0,221.38002,DST Texans  FLEX David Montgomery QB Jared Goff RB Joe Mixon RB De'Von Achane TE Will Dissly WR Jameson Williams WR Jauan Jennings WR Quentin Johnston,,Will Dissly,TE,21.92%,18
4,4510998766,jeh666 (15/20),0,220.98,DST Texans  FLEX Jordan Addison QB Justin Herbert RB Saquon Barkley RB Joe Mixon TE Zach Ertz WR Amon-Ra St. Brown WR Jauan Jennings WR Calvin Austin III,,Cedric Tillman,WR,19.48%,7.7
5,4510866115,highdraw69 (4/5),0,219.74,DST Broncos  FLEX Cooper Kupp QB Derek Carr RB Joe Mixon RB Audric Estime TE Taysom Hill WR Amon-Ra St. Brown WR Cedric Tillman WR Marquez Valdes-Scantling,,Christian McCaffrey,RB,19.07%,14.6
6,4509851638,TACOMATRD (12/20),0,216.22002,DST Bills  FLEX Brian Robinson Jr. QB Jameis Winston RB Saquon Barkley RB De'Von Achane TE Taysom Hill WR Courtland Sutton WR Jerry Jeudy WR Elijah Moore,,Justin Herbert,QB,18.69%,25.38
7,4510324542,pizzatelly (3/20),0,215.78001,DST Texans  FLEX KaVontae Turpin QB Jared Goff RB Joe Mixon RB Jahmyr Gibbs TE Mike Gesicki WR Amon-Ra St. Brown WR Jameson Williams WR Marquez Valdes-Scantling,,De'Von Achane,FLEX,18.50%,20.5
8,4512125370,pat_the_hat2 (19/20),0,215.2,DST Titans  FLEX Will Dissly QB Matthew Stafford RB Joe Mixon RB Josh Jacobs TE Zach Ertz WR Cooper Kupp WR Puka Nacua WR Jauan Jennings,,Courtland Sutton,WR,18.44%,14.8
9,4512442264,walt214 (9/9),0,214.08,DST Titans  FLEX Saquon Barkley QB Jared Goff RB David Montgomery RB Brian Robinson Jr. TE Brock Wright WR Amon-Ra St. Brown WR Jauan Jennings WR Nick Westbrook-Ikhine,,Saquon Barkley,RB,14.99%,36.8
10,4512430618,dwashing65 (16/17),0,213.40001,DST Titans  FLEX Joe Mixon QB Justin Herbert RB Alvin Kamara RB De'Von Achane TE Taysom Hill WR Amon-Ra St. Brown WR Kayshon Boutte WR Curtis Samuel,,Chase Brown,RB,14.95%,19.3
11,4512221349,clownsfan81,0,213.38,DST Titans  FLEX Demarcus Robinson QB Jared Goff RB Joe Mixon RB Jahmyr Gibbs TE Jonnu Smith WR Amon-Ra St. Brown WR Courtland Sutton WR Nick Westbrook-Ikhine,,Kareem Hunt,RB,14.42%,6
12,4509922149,weller96 (5/20),0,212.54001,DST Texans  FLEX Jonnu Smith QB Joe Burrow RB Jahmyr Gibbs RB David Montgomery TE Hunter Henry WR Ja'Marr Chase WR Jauan Jennings WR Nick Westbrook-Ikhine,,Jakobi Meyers,WR,14.30%,8.8
13,4511506522,bobjustbob728 (11/20),0,210.78001,DST Texans  FLEX Taysom Hill QB Brock Purdy RB Joe Mixon RB Chase Brown TE Mark Andrews WR Calvin Ridley WR Jerry Jeudy WR Jauan Jennings,,Titans ,DST,13.44%,4
14,4511802463,LTCTOM (19/20),0,210.66002,DST Chargers  FLEX Saquon Barkley QB Aaron Rodgers RB Joe Mixon RB De'Von Achane TE Jonnu Smith WR Jerry Jeudy WR Jauan Jennings WR Devaughn Vele,,Jahmyr Gibbs,RB,12.78%,19.3
15,4509937856,tex365 (1/7),0,209.88,DST Texans  FLEX Marvin Mims Jr. QB Jared Goff RB Breece Hall RB Jahmyr Gibbs TE Dawson Knox WR Amon-Ra St. Brown WR Courtland Sutton WR Jauan Jennings,,Jalen Hurts,QB,12.75%,18.74
16,4510904008,matthews137 (2/2),0,209.44,DST Texans  FLEX David Montgomery QB Jalen Hurts RB Saquon Barkley RB Joe Mixon TE Will Dissly WR Jauan Jennings WR John Metchie III WR Nick Westbrook-Ikhine,,Texans ,DST,12.50%,19
17,4512295034,NYGFan56 (8/20),0,208.38002,DST Dolphins  FLEX Will Dissly QB Jared Goff RB Joe Mixon RB Rhamondre Stevenson TE Davis Allen WR Amon-Ra St. Brown WR Puka Nacua WR Jameson Williams,,David Montgomery,RB,12.40%,24.5
18,4511908912,MASlayer (1/2),0,207.58002,DST Vikings  FLEX Jonnu Smith QB Justin Herbert RB Joe Mixon RB Rhamondre Stevenson TE Hunter Henry WR Amon-Ra St. Brown WR Calvin Ridley WR Jauan Jennings,,George Pickens,WR,12.35%,16.9
19,4512280948,Natedirtay23,0,207.40001,DST Lions  FLEX Calvin Ridley QB Jared Goff RB Saquon Barkley RB James Cook TE Taysom Hill WR Jameson Williams WR Marquez Valdes-Scantling WR Mack Hollins,,Quentin Johnston,WR,11.49%,12.8
20,4512262391,DlewStunt10 (7/9),0,207.18002,DST Vikings  FLEX Derrick Henry QB Jared Goff RB Joe Mixon RB Jahmyr Gibbs TE Jonnu Smith WR Jauan Jennings WR Devaughn Vele WR Nick Westbrook-Ikhine,,Ricky Pearsall,WR,11.03%,0
20,4512521600,Duceloco2 (2/2),0,207.18002,DST Dolphins  FLEX Jauan Jennings QB Bo Nix RB Saquon Barkley RB Jahmyr Gibbs TE Jonnu Smith WR Courtland Sutton WR Jameson Williams WR Marquez Valdes-Scantling,,Travis Kelce,TE,10.93%,2.8
22,4510277431,ep3550 (1/5),0,207.08002,DST Texans  FLEX Zach Ertz QB Jared Goff RB Jahmyr Gibbs RB David Montgomery TE Jake Ferguson WR Amon-Ra St. Brown WR Jameson Williams WR Elijah Moore,,Alvin Kamara,RB,10.65%,12.9
23,4511466311,Birdsareawesome (2/2),0,206.90001,DST Broncos  FLEX Cooper Kupp QB Matthew Stafford RB Breece Hall RB Javonte Williams TE Will Dissly WR Jaxon Smith-Njigba WR Xavier Worthy WR Jauan Jennings,,Noah Brown,WR,9.81%,1.4
24,4510830364,jeffyweasel (6/6),0,206.7,DST Texans  FLEX Joe Mixon QB Jameis Winston RB Jahmyr Gibbs RB De'Von Achane TE Will Dissly WR Jerry Jeudy WR Jauan Jennings WR Cedric Tillman,,Dolphins ,DST,9.59%,6
25,4510823048,BMVGolf (1/2),0,206.68001,DST Bears  FLEX Tanner Hudson QB Jared Goff RB Saquon Barkley RB Joe Mixon TE Noah Gray WR Justin Jefferson WR Cooper Kupp WR Nick Westbrook-Ikhine,,Dawson Knox,TE,9.47%,8
25,4510830250,BMVGolf (2/2),0,206.68001,DST Bears  FLEX Tanner Hudson QB Jared Goff RB Saquon Barkley RB Joe Mixon TE Noah Gray WR Justin Jefferson WR Cooper Kupp WR Nick Westbrook-Ikhine,,Marquez Valdes-Scantling,WR,9.35%,16.7
25,4512121380,sixers1212 (15/20),0,206.68001,DST Texans  FLEX Brock Bowers QB Bo Nix RB Saquon Barkley RB Joe Mixon TE Dawson Knox WR Courtland Sutton WR Quentin Johnston WR DeMario Douglas,,Calvin Ridley,WR,9.32%,9.8
25,4512121385,sixers1212 (17/20),0,206.68001,DST Texans  FLEX Brock Bowers QB Bo Nix RB Saquon Barkley RB Joe Mixon TE Dawson Knox WR Courtland Sutton WR Quentin Johnston WR DeMario Douglas,,Kayshon Boutte,WR,9.05%,7.3
29,4509423857,Skyhigh15 (2/2),0,205.86,DST Titans  FLEX Marquez Valdes-Scantling QB Brock Purdy RB Saquon Barkley RB Joe Mixon TE Will Dissly WR Tee Higgins WR Courtland Sutton WR Jauan Jennings,,DeAndre Hopkins,WR,8.97%,5.9
30,4510324556,pizzatelly (17/20),0,205.68001,DST Dolphins  FLEX Noah Brown QB Jared Goff RB Joe Mixon RB Jahmyr Gibbs TE Jonnu Smith WR Amon-Ra St. Brown WR Jameson Williams WR Mack Hollins,,Terry McLaurin,WR,8.44%,2
31,4510619498,Damadbowler (14/20),0,205.60002,DST Dolphins  FLEX David Njoku QB Jameis Winston RB Joe Mixon RB De'Von Achane TE Jonnu Smith WR Davante Adams WR Jerry Jeudy WR Elijah Moore,,Ladd McConkey,WR,8.41%,21.3
32,4510015985,jeh666 (6/20),0,205.29999,DST Texans  FLEX Saquon Barkley QB Russell Wilson RB Joe Mixon RB Brian Robinson Jr. TE Zach Ertz WR Jerry Jeudy WR Jauan Jennings WR Marquez Valdes-Scantling,,Nick Chubb,FLEX,8.28%,5
33,4511865345,pound1991,0,205.22,DST Texans  FLEX Saquon Barkley QB Russell Wilson RB David Montgomery RB Austin Ekeler TE Taysom Hill WR Courtland Sutton WR Christian Watson WR Marquez Valdes-Scantling,,A.J. Brown,WR,8.24%,11.5
34,4509735595,TJOZWIZ (10/20),0,203.78001,DST Lions  FLEX Brock Bowers QB Jared Goff RB Joe Mixon RB Rhamondre Stevenson TE Hunter Henry WR Jameson Williams WR Jauan Jennings WR Cedric Tillman,,Russell Wilson,QB,8.19%,7.3
35,4512330806,TexanInBama,0,203.68002,DST Texans  FLEX Jonnu Smith QB Jared Goff RB Saquon Barkley RB Joe Mixon TE T.J. Hockenson WR Jaylen Waddle WR Jameson Williams WR John Metchie III,,Jonnu Smith,TE,8.04%,31.1
36,4512498091,mike19831127 (4/20),0,203.43999,DST Bills  FLEX Dawson Knox QB Joe Burrow RB Joe Mixon RB David Montgomery TE Zach Ertz WR Amon-Ra St. Brown WR Tee Higgins WR Noah Brown,,Dallas Goedert,TE,7.92%,11.1
37,4512141217,umjdk71 (4/5),0,203.18002,DST Lions  FLEX Samaje Perine QB Jared Goff RB Jahmyr Gibbs RB David Montgomery TE Jonnu Smith WR Amon-Ra St. Brown WR Jameson Williams WR Devaughn Vele,,Zach Ertz,FLEX,7.89%,18.7
38,4511319681,elanTV,0,202.78001,DST Broncos  FLEX Jerry Jeudy QB Justin Herbert RB Christian McCaffrey RB Saquon Barkley TE Jonnu Smith WR Courtland Sutton WR Jauan Jennings WR Quentin Johnston,,Brock Purdy,QB,7.74%,19.36
39,4511868422,rruffrryddazz (13/20),0,202.50002,DST Titans  FLEX Tee Higgins QB Jameis Winston RB Chase Brown RB Nick Chubb TE Jonnu Smith WR Amon-Ra St. Brown WR Calvin Ridley WR Jerry Jeudy,,Vikings ,DST,7.69%,11
40,4509851630,TACOMATRD (4/20),0,202.12001,DST Dolphins  FLEX Taysom Hill QB Jameis Winston RB Alvin Kamara RB Joe Mixon TE David Njoku WR Jerry Jeudy WR Cedric Tillman WR Quentin Johnston,,Audric Estime,RB,7.54%,5.5
41,4510277435,ep3550 (5/5),0,201.94,DST Texans  FLEX Brock Bowers QB Jalen Hurts RB Joe Mixon RB Jahmyr Gibbs TE Jonnu Smith WR Jakobi Meyers WR Jauan Jennings WR Kayshon Boutte,,Rhamondre Stevenson,RB,7.38%,12.9
42,4511651428,joebeaux,0,201.8,DST Broncos  FLEX Jordan Addison QB Justin Herbert RB Joe Mixon RB J.K. Dobbins TE Taysom Hill WR Ja'Marr Chase WR Marquez Valdes-Scantling WR Noah Brown,,Lions ,DST,7.32%,10
43,4512049551,newguy2015 (18/20),0,201.28001,DST Texans  FLEX Kareem Hunt QB Justin Herbert RB Joe Mixon RB De'Von Achane TE Will Dissly WR Amon-Ra St. Brown WR Jauan Jennings WR Kayshon Boutte,,Jameson Williams,WR,6.96%,25.6
44,4510227426,Aleicia311 (1/5),0,201.08002,DST Seahawks  FLEX Kareem Hunt QB Jared Goff RB Joe Mixon RB David Montgomery TE Jonnu Smith WR Amon-Ra St. Brown WR John Metchie III WR Ray-Ray McCloud III,,Amon-Ra St. Brown,WR,6.66%,41.7
45,4510619496,Damadbowler (12/20),0,200.90001,DST Texans  FLEX David Njoku QB Jameis Winston RB Joe Mixon RB Chase Brown TE Brock Bowers WR Khalil Shakir WR Cedric Tillman WR Elijah Moore,,T.J. Hockenson,TE,6.64%,3.3
46,4511389634,BeatTheKellys (14/20),0,200.88002,DST Vikings  FLEX Calvin Ridley QB Jared Goff RB Joe Mixon RB David Montgomery TE Hunter Henry WR Jameson Williams WR Jauan Jennings WR Marquez Valdes-Scantling,,Rashod Bateman,WR,6.51%,5
47,4512586428,rmj4133 (8/12),0,198.78001,DST Saints  FLEX George Pickens QB Brock Purdy RB Saquon Barkley RB Breece Hall TE Taysom Hill WR Jauan Jennings WR Noah Brown WR KaVontae Turpin,,Jets ,DST,6.39%,3
48,4511021397,binaryme (5/10),0,198.68001,DST Texans  FLEX Taysom Hill QB Brock Purdy RB Christian McCaffrey RB De'Von Achane TE Jonnu Smith WR Courtland Sutton WR Jauan Jennings WR Cedric Tillman,,Mark Andrews,TE,6.36%,4.2
49,4510442476,jeh666 (8/20),0,198,DST Eagles  FLEX Jauan Jennings QB Jameis Winston RB Saquon Barkley RB Joe Mixon TE Dalton Schultz WR Terry McLaurin WR Jerry Jeudy WR Nick Westbrook-Ikhine,,Jared Goff,QB,6.24%,37.58
50,4510018044,djgod,0,197.58002,DST Texans  FLEX J.K. Dobbins QB Justin Herbert RB Joe Mixon RB David Montgomery TE Jonnu Smith WR Courtland Sutton WR Jameson Williams WR Ricky Pearsall,,Devaughn Vele,WR,6.22%,10.6
51,4511825585,Macdre40 (5/6),0,197.45999,DST Texans  FLEX Tyler Conklin QB Jalen Hurts RB Saquon Barkley RB Joe Mixon TE Taysom Hill WR Tee Higgins WR Romeo Doubs WR Calvin Austin III,,Ja'Marr Chase,WR,6.07%,26.5
52,4510175053,Quivalier (8/20),0,196.82,DST Rams  FLEX Brock Bowers QB Tua Tagovailoa RB De'Von Achane RB Zamir White TE Jonnu Smith WR Tyreek Hill WR Tee Higgins WR Jameson Williams,,Bo Nix,QB,5.79%,31.78
53,4511880847,CashMoneyClassic (18/20),0,195.98001,DST Texans  FLEX Will Dissly QB Justin Herbert RB Alvin Kamara RB Breece Hall TE Hunter Henry WR Amon-Ra St. Brown WR Puka Nacua WR Kayshon Boutte,,Hunter Henry,TE,5.60%,12.3
54,4511792150,Nesbitt1973 (1/2),0,195.88,DST Lions  FLEX Jordan Addison QB Jared Goff RB Jahmyr Gibbs RB Tyjae Spears TE Zach Ertz WR Amon-Ra St. Brown WR Jameson Williams WR Jauan Jennings,,Kyren Williams,RB,5.60%,8.6
54,4512571461,dwilliamsmma (7/20),0,195.88,DST Titans  FLEX Joe Mixon QB Justin Herbert RB Saquon Barkley RB Chase Brown TE Will Dissly WR Ladd McConkey WR Jauan Jennings WR Cedric Tillman,,Bears ,DST,5.55%,4
56,4512571460,dwilliamsmma (6/20),0,195.78,DST Titans  FLEX Joe Mixon QB Justin Herbert RB De'Von Achane RB Chase Brown TE Will Dissly WR Amon-Ra St. Brown WR Ladd McConkey WR Kayshon Boutte,,Khalil Shakir,WR,5.08%,15
57,4510004293,njmike75 (6/20),0,195.68001,DST Titans  FLEX Brock Bowers QB Justin Herbert RB Saquon Barkley RB Rhamondre Stevenson TE Hunter Henry WR Cooper Kupp WR Jameson Williams WR Quentin Johnston,,Garrett Wilson,WR,4.74%,5.8
58,4511849740,emacarena (3/10),0,195.58,DST Broncos  FLEX Cole Kmet QB Jared Goff RB Jahmyr Gibbs RB J.K. Dobbins TE Will Dissly WR Amon-Ra St. Brown WR Courtland Sutton WR Jauan Jennings,,Deebo Samuel Sr.,WR,4.73%,6.1
59,4512256458,bschulman917,0,195.3,DST Texans  FLEX Jaxon Smith-Njigba QB Bo Nix RB De'Von Achane RB David Montgomery TE Taysom Hill WR George Pickens WR Rashod Bateman WR John Metchie III,,Mike Williams,WR,4.63%,0
60,4510506354,highdraw69 (1/5),0,195.28,DST Texans  FLEX Marquez Valdes-Scantling QB Justin Herbert RB Joe Mixon RB Nick Chubb TE Will Dissly WR Ja'Marr Chase WR Ladd McConkey WR Jauan Jennings,,Mike Gesicki,TE,4.41%,0
61,4512561890,Wingman91 (10/20),0,195.2,DST Broncos  FLEX Joe Mixon QB Matthew Stafford RB Josh Jacobs RB Audric Estime TE Zach Ertz WR Cooper Kupp WR Jerry Jeudy WR Cedric Tillman,,C.J. Stroud,QB,4.34%,11.88
62,4509042169,Tiger-Nation (6/6),0,195.08,DST Lions  FLEX Nick Westbrook-Ikhine QB Jared Goff RB Jahmyr Gibbs RB David Montgomery TE Brock Bowers WR Amon-Ra St. Brown WR Rashod Bateman WR Mike Williams,,Broncos ,DST,4.27%,13
63,4510277432,ep3550 (2/5),0,194.98001,DST Texans  FLEX Josh Downs QB Justin Herbert RB Joe Mixon RB J.K. Dobbins TE Jonnu Smith WR Ladd McConkey WR Jakobi Meyers WR Quentin Johnston,,DeVonta Smith,WR,4.27%,6.9
64,4509647306,619Princess,0,194.76001,DST Bears  FLEX Grant Calcaterra QB Brock Purdy RB Joe Mixon RB De'Von Achane TE Jonnu Smith WR Cooper Kupp WR Jaxon Smith-Njigba WR Jauan Jennings,,Jayden Daniels,QB,4.24%,14.44
65,4512064541,thechad17k (9/20),0,194.09999,DST Bears  FLEX Cedric Tillman QB Jameis Winston RB Joe Mixon RB Chase Brown TE Will Dissly WR Amon-Ra St. Brown WR George Pickens WR Elijah Moore,,Tucker Kraft,FLEX,4.22%,0
66,4511400510,royer99 (1/15),0,194.08002,DST Lions  FLEX Zach Ertz QB Jared Goff RB David Montgomery RB Austin Ekeler TE T.J. Hockenson WR Amon-Ra St. Brown WR Jameson Williams WR Jordan Addison,,Bijan Robinson,RB,4.17%,10.3
66,4511903235,grinja (1/3),0,194.08,DST Browns  FLEX Quentin Johnston QB Brock Purdy RB Joe Mixon RB Kareem Hunt TE Taysom Hill WR Puka Nacua WR Jauan Jennings WR Marquez Valdes-Scantling,,Mack Hollins,FLEX,4.12%,4.7
68,4510341268,wasko018 (8/20),0,193.68001,DST Texans  FLEX DeAndre Hopkins QB Justin Herbert RB Saquon Barkley RB Audric Estime TE Jonnu Smith WR A.J. Brown WR Amon-Ra St. Brown WR Curtis Samuel,,Nico Collins,WR,4.09%,9.4
69,4510455954,austinmmason,0,193.48001,DST Texans  FLEX Kayshon Boutte QB Bo Nix RB Joe Mixon RB David Montgomery TE Jonnu Smith WR George Pickens WR Calvin Ridley WR Courtland Sutton,,Puka Nacua,WR,4.04%,28.3
70,4512005029,mman224,0,193.28,DST Broncos  FLEX Mike Gesicki QB Jared Goff RB Christian McCaffrey RB Chase Brown TE Jonnu Smith WR Amon-Ra St. Brown WR Jauan Jennings WR DeMario Douglas,,Browns ,DST,4.02%,1
71,4512295045,NYGFan56 (19/20),0,193.09999,DST Dolphins  FLEX Will Dissly QB Matthew Stafford RB Joe Mixon RB Chase Brown TE Davis Allen WR Amon-Ra St. Brown WR Puka Nacua WR DJ Moore,,Drake London,WR,3.97%,9.1
72,4511060128,mtsmiley666,0,192.86,DST Lions  FLEX Taysom Hill QB Joe Burrow RB Joe Mixon RB Nick Chubb TE Hunter Henry WR Courtland Sutton WR Jakobi Meyers WR Jauan Jennings,,Joe Burrow,QB,3.82%,32.04
73,4510456863,jeh666 (10/20),0,192.84001,DST Vikings  FLEX Brock Bowers QB Jalen Hurts RB Joe Mixon RB Breece Hall TE Will Dissly WR DeAndre Hopkins WR Quentin Johnston WR Nick Westbrook-Ikhine,,Pat Freiermuth,TE,3.78%,3.4
74,4510032718,Xnateguillette94,0,192.70001,DST Titans  FLEX Noah Gray QB C.J. Stroud RB Jahmyr Gibbs RB Kareem Hunt TE Taysom Hill WR Amon-Ra St. Brown WR Puka Nacua WR Marquez Valdes-Scantling,,Brock Bowers,TE,3.77%,34.3
75,4512000398,alnew10 (17/19),0,192.68002,DST Lions  FLEX Evan Engram QB Jared Goff RB David Montgomery RB Justice Hill TE Hunter Henry WR Amon-Ra St. Brown WR Jameson Williams WR Jauan Jennings,,Kyle Pitts,TE,3.63%,1.9
76,4509935628,jocash21 (1/10),0,192.48001,DST Bills  FLEX Will Dissly QB Bo Nix RB Saquon Barkley RB David Montgomery TE Jonnu Smith WR Nico Collins WR Calvin Ridley WR Jauan Jennings,,Nick Westbrook-Ikhine,FLEX,3.60%,22.7
77,4512049546,newguy2015 (17/20),0,192.08002,DST Lions  FLEX Elijah Moore QB Jared Goff RB Jahmyr Gibbs RB David Montgomery TE Tanner Hudson WR Amon-Ra St. Brown WR Tee Higgins WR Joshua Palmer,,Alexander Mattison,RB,3.60%,9.9
77,4510119819,bl3rf (20/20),0,192.08,DST Jets  FLEX Dawson Knox QB Jared Goff RB Saquon Barkley RB Jahmyr Gibbs TE Zach Ertz WR Amon-Ra St. Brown WR Jameson Williams WR Noah Brown,,Kenneth Walker III,RB,3.55%,13.9
79,4511766429,LTCTOM (12/20),0,191.68001,DST Texans  FLEX De'Von Achane QB Bo Nix RB Kareem Hunt RB Brian Robinson Jr. TE Jonnu Smith WR Courtland Sutton WR Jerry Jeudy WR Jauan Jennings,,Derrick Henry,RB,3.48%,11.5
80,4510691460,pacogomez (1/3),0,191.6,DST Titans  FLEX Taysom Hill QB Josh Allen RB Christian McCaffrey RB Joe Mixon TE Zach Ertz WR Ja'Marr Chase WR Mack Hollins WR Marvin Mims Jr.,,Brian Robinson Jr.,RB,3.43%,14.2
81,4509850648,mikygittings (15/20),0,191.58,DST Texans  FLEX Mike Williams QB Justin Herbert RB Joe Mixon RB De'Von Achane TE Brock Bowers WR Ladd McConkey WR Jauan Jennings WR Cedric Tillman,,Jerry Jeudy,FLEX,3.40%,29.2
81,4512019761,elgovna (4/18),0,191.58,DST Jets  FLEX Joe Mixon QB Justin Herbert RB Christian McCaffrey RB Saquon Barkley TE Will Dissly WR Jauan Jennings WR Cedric Tillman WR Nick Westbrook-Ikhine,,Josh Allen,QB,3.31%,24.98
83,4512556257,Des57s,0,191.16,DST Saints  FLEX Taysom Hill QB Jayden Daniels RB Joe Mixon RB Jonathan Taylor TE Jonnu Smith WR Cooper Kupp WR Andrei Iosivas WR Devaughn Vele,,Packers ,DST,3.28%,6
84,4512681171,sheldon1962,0,190.78001,DST Texans  FLEX Rhamondre Stevenson QB Jared Goff RB Derrick Henry RB David Montgomery TE Will Dissly WR Cooper Kupp WR Jauan Jennings WR Devaughn Vele,,David Njoku,TE,3.21%,19.1
85,4511795687,SPANKINDATAZZ,0,190.38002,DST Dolphins  FLEX David Montgomery QB Bo Nix RB Joe Mixon RB Kareem Hunt TE Jonnu Smith WR Courtland Sutton WR Jauan Jennings WR Quentin Johnston,,Elijah Moore,WR,3.13%,18.6
86,4509734709,TJOZWIZ (6/20),0,190.18001,DST Lions  FLEX Devaughn Vele QB Jared Goff RB Joe Mixon RB Breece Hall TE Hunter Henry WR Amon-Ra St. Brown WR Cedric Tillman WR Calvin Austin III,,DeMario Douglas,WR,3.01%,10.9
87,4510784488,Fronk,0,190.01999,DST Lions  FLEX Joe Mixon QB Jameis Winston RB Derrick Henry RB De'Von Achane TE Taysom Hill WR Cedric Tillman WR Elijah Moore WR Kayshon Boutte,,Austin Ekeler,RB,2.99%,17.6
88,4512659609,flash329,0,189.96,DST Colts  FLEX Taysom Hill QB Jalen Hurts RB Joe Mixon RB De'Von Achane TE Juwan Johnson WR Josh Downs WR Courtland Sutton WR Marquez Valdes-Scantling,,Rams ,DST,2.98%,9
89,4512262825,DlewStunt10 (8/9),0,189.78001,DST Vikings  FLEX Cedric Tillman QB Jared Goff RB Joe Mixon RB Jahmyr Gibbs TE Jonnu Smith WR Drake London WR Jauan Jennings WR Devaughn Vele,,Curtis Samuel,FLEX,2.93%,16.8
90,4510322641,RaginCajun1980,0,189.68002,DST Bears  FLEX Evan Engram QB Jared Goff RB Christian McCaffrey RB De'Von Achane TE Jonnu Smith WR Amon-Ra St. Brown WR Jauan Jennings WR Kayshon Boutte,,Cooper Kupp,WR,2.91%,31.6
91,4511212623,pretender8,0,189.64,DST 49ers  FLEX Puka Nacua QB Tua Tagovailoa RB Jahmyr Gibbs RB Raheem Mostert TE Taysom Hill WR Jerry Jeudy WR Jauan Jennings WR DeMario Douglas,,Jameis Winston,QB,2.89%,29.6
91,4511781687,300Atrain (3/5),0,189.64,DST Steelers  FLEX Quentin Johnston QB Joe Burrow RB Joe Mixon RB Jahmyr Gibbs TE Zach Ertz WR Jameson Williams WR Jakobi Meyers WR Jauan Jennings,,Josh Jacobs,RB,2.89%,23.4
93,4511880845,CashMoneyClassic (16/20),0,189.58,DST Texans  FLEX Will Dissly QB Justin Herbert RB Alvin Kamara RB De'Von Achane TE Juwan Johnson WR Amon-Ra St. Brown WR Khalil Shakir WR Jauan Jennings,,Jonathan Taylor,RB,2.86%,7
94,4511965441,82181frosty (2/3),0,189.48001,DST Texans  FLEX John Metchie III QB Jared Goff RB Joe Mixon RB Jahmyr Gibbs TE Tyler Conklin WR Amon-Ra St. Brown WR Jameson Williams WR Mike Williams,,Lamar Jackson,QB,2.76%,15.88
95,4512446726,Macdre40 (6/6),0,189.46,DST Texans  FLEX Mark Andrews QB Joe Burrow RB Jahmyr Gibbs RB Brian Robinson Jr. TE Taysom Hill WR Ja'Marr Chase WR Rashod Bateman WR Nick Westbrook-Ikhine,,Zay Flowers,WR,2.67%,11.9
96,4511237961,ttalan (5/10),0,189.3,DST Bears  FLEX Taysom Hill QB Jared Goff RB Jahmyr Gibbs RB Kenneth Walker III TE Jonnu Smith WR Terry McLaurin WR Jayden Reed WR Jauan Jennings,,Breece Hall,RB,2.66%,31.1
97,4512295041,NYGFan56 (15/20),0,188.98001,DST Vikings  FLEX Will Dissly QB Justin Herbert RB Joe Mixon RB Nick Chubb TE Davis Allen WR Amon-Ra St. Brown WR Puka Nacua WR Ladd McConkey,,Steelers ,DST,2.59%,9
98,4511823343,sleprock21 (5/6),0,188.68001,DST Lions  FLEX Luke Schoonmaker QB Jared Goff RB Jahmyr Gibbs RB David Montgomery TE Drew Sample WR Amon-Ra St. Brown WR George Pickens WR Jameson Williams,,D'Andre Swift,RB,2.56%,16.4
99,4510800038,curtisv1,0,188.5,DST Bears  FLEX Mike Gesicki QB Anthony Richardson RB Joe Mixon RB Chase Brown TE Taysom Hill WR Ja'Marr Chase WR Jaxon Smith-Njigba WR Jalen Nailor,,Tee Higgins,WR,2.51%,32.8
100,4509940781,Cecil15,0,188.48,DST Texans  FLEX Joe Mixon QB Justin Herbert RB Saquon Barkley RB Kareem Hunt TE Zach Ertz WR Courtland Sutton WR Quentin Johnston WR Marquez Valdes-Scantling,,Jordan Addison,WR,2.47%,15.1
101,4511881744,thebassman,0,188.40001,DST Texans  FLEX Nick Westbrook-Ikhine QB C.J. Stroud RB Breece Hall RB Nick Chubb TE Taysom Hill WR Garrett Wilson WR Ladd McConkey WR Jauan Jennings,,Davis Allen,TE,2.44%,0
102,4512664968,mdutt786 (4/10),0,188.38,DST 49ers  FLEX Taysom Hill QB Cooper Rush RB Saquon Barkley RB Brian Robinson Jr. TE Brock Bowers WR CeeDee Lamb WR Ray-Ray McCloud III WR Mike Williams,,John Metchie III,FLEX,2.42%,6.3
103,4510379491,hiteofbob (1/5),0,188.22,DST Steelers  FLEX Taysom Hill QB Russell Wilson RB Saquon Barkley RB Jahmyr Gibbs TE Will Dissly WR George Pickens WR Jameson Williams WR Jakobi Meyers,,Rico Dowdle,RB,2.42%,5.4
104,4512325419,Soldierman69 (2/5),0,188.18001,DST Broncos  FLEX Justice Hill QB Jared Goff RB Jahmyr Gibbs RB David Montgomery TE Brock Wright WR Amon-Ra St. Brown WR Jameson Williams WR DeMario Douglas,,Tua Tagovailoa,QB,2.39%,23.52
105,4510140226,slipknot6969 (5/5),0,187.98,DST Texans  FLEX Kenneth Walker III QB Jared Goff RB D'Andre Swift RB David Montgomery TE Cole Kmet WR Amon-Ra St. Brown WR DeMario Douglas WR Curtis Samuel,,James Cook,RB,2.39%,19.7
106,4512289671,gregr1224 (6/20),0,187.88002,DST Jets  FLEX Dalton Schultz QB Justin Herbert RB Joe Mixon RB Josh Jacobs TE Brock Bowers WR Ladd McConkey WR Jakobi Meyers WR Jauan Jennings,,Jayden Reed,WR,2.32%,9.8
107,4512064546,thechad17k (14/20),0,187.48001,DST Texans  FLEX Will Dissly QB Justin Herbert RB Jahmyr Gibbs RB David Montgomery TE Brock Bowers WR George Pickens WR Ladd McConkey WR Jakobi Meyers,,Jaxon Smith-Njigba,WR,2.32%,24.8
108,4511868153,rruffrryddazz (11/20),0,187.31999,DST Texans  FLEX Amon-Ra St. Brown QB Derek Carr RB Alvin Kamara RB Kareem Hunt TE Will Dissly WR Cooper Kupp WR Marquez Valdes-Scantling WR Nick Westbrook-Ikhine,,Calvin Austin III,WR,2.32%,0.9
109,4510173840,fspencesr (4/7),0,187.04,DST Texans  FLEX Joe Mixon QB Derek Carr RB J.K. Dobbins RB Gus Edwards TE Taysom Hill WR Zay Flowers WR DeAndre Hopkins WR Jauan Jennings,,Tank Dell,WR,2.27%,9.8
110,4512255780,jlg1973 (10/20),0,186.98001,DST Jaguars  FLEX Ladd McConkey QB Bo Nix RB Joe Mixon RB Chase Brown TE Jonnu Smith WR Ja'Marr Chase WR Ricky Pearsall WR Nick Westbrook-Ikhine,,Evan Engram,TE,2.14%,7.8
110,4512260540,jlg1973 (11/20),0,186.98001,DST Jaguars  FLEX Ladd McConkey QB Bo Nix RB Joe Mixon RB Chase Brown TE Jonnu Smith WR Ja'Marr Chase WR Ricky Pearsall WR Nick Westbrook-Ikhine,,DK Metcalf,WR,2.10%,14
112,4512064504,jeffcross13 (6/7),0,186.57999,DST Texans  FLEX Dawson Knox QB Bo Nix RB Joe Mixon RB David Montgomery TE Kyle Pitts WR Cooper Kupp WR Courtland Sutton WR Marquez Valdes-Scantling,,Romeo Doubs,WR,2.07%,2.7
113,4512175723,Ranger175C1 (9/20),0,186.5,DST Saints  FLEX Will Dissly QB Justin Herbert RB Christian McCaffrey RB De'Von Achane TE Taysom Hill WR Zay Flowers WR Tee Higgins WR Quentin Johnston,,Dalton Schultz,TE,2.04%,8.3
114,4511306317,34BEARS54 (1/4),0,186.48001,DST Titans  FLEX Jayden Reed QB Jared Goff RB David Montgomery RB Nick Chubb TE Jonnu Smith WR Amon-Ra St. Brown WR Jauan Jennings WR Cedric Tillman,,Saints ,DST,2.04%,4
115,4512180338,CoryBradley (11/20),0,186.3,DST Titans  FLEX Joe Mixon QB Jameis Winston RB De'Von Achane RB Chase Brown TE David Njoku WR Jerry Jeudy WR Cedric Tillman WR Elijah Moore,,Eagles ,DST,2.02%,6
116,4510766164,Rusty_Trombone (10/20),0,186.12003,DST Bears  FLEX Joe Mixon QB Tua Tagovailoa RB James Cook RB Rhamondre Stevenson TE Jonnu Smith WR Ja'Marr Chase WR Rome Odunze WR KaVontae Turpin,,Taysom Hill,TE,2.00%,46.52
117,4512631945,allstarbadboi,0,186.08,DST Jets  FLEX Elijah Moore QB Justin Herbert RB Saquon Barkley RB Joe Mixon TE Dawson Knox WR Ja'Marr Chase WR Quentin Johnston WR Marquez Valdes-Scantling,,Aaron Rodgers,QB,2.00%,16.06
118,4511536928,atong126 (9/20),0,186.04001,DST Bills  FLEX Will Dissly QB Joe Burrow RB Joe Mixon RB Chase Brown TE Dawson Knox WR Ja'Marr Chase WR Jauan Jennings WR Quentin Johnston,,Drake Maye,QB,1.97%,19.98
119,4512354422,mello610 (9/10),0,185.94,DST Saints  FLEX Ja'Marr Chase QB Derek Carr RB Christian McCaffrey RB De'Von Achane TE Taysom Hill WR Jauan Jennings WR Nick Westbrook-Ikhine WR Kayshon Boutte,,Colts ,DST,1.95%,3
120,4511550700,34Payton1969 (5/6),0,185.78001,DST Bears  FLEX David Montgomery QB Justin Herbert RB Joe Mixon RB Audric Estime TE Mike Gesicki WR Amon-Ra St. Brown WR Ladd McConkey WR Jauan Jennings,,Cole Kmet,TE,1.95%,7.2
120,4511731112,Sneaky_Beatz,0,185.78,DST Seahawks  FLEX Jonnu Smith QB Justin Herbert RB Saquon Barkley RB Joe Mixon TE Travis Kelce WR George Pickens WR Quentin Johnston WR Marquez Valdes-Scantling,,Raheem Mostert,RB,1.93%,-0.2
122,4512251445,DlewStunt10 (6/9),0,185.38002,DST Vikings  FLEX Cedric Tillman QB Jared Goff RB Joe Mixon RB Jahmyr Gibbs TE Jonnu Smith WR Darnell Mooney WR Jauan Jennings WR Devaughn Vele,,Geno Smith,QB,1.92%,16.74
123,4511083741,Davekrev3,0,185.08002,DST Lions  FLEX Travis Kelce QB Jared Goff RB Saquon Barkley RB David Montgomery TE Jonnu Smith WR Jameson Williams WR Ricky Pearsall WR Marquez Valdes-Scantling,,Jaylen Waddle,WR,1.88%,5.7
123,4511907793,m0rphis (3/3),0,185.08,DST Patriots  FLEX Joe Mixon QB Justin Herbert RB Kyren Williams RB Breece Hall TE Austin Hooper WR Amon-Ra St. Brown WR Marquez Valdes-Scantling WR Curtis Samuel,,Patriots ,DST,1.88%,-1
125,4512654139,jjax04,0,184.98001,DST Jets  FLEX Dallas Goedert QB Jared Goff RB Joe Mixon RB David Montgomery TE Dalton Schultz WR Amon-Ra St. Brown WR Cedric Tillman WR Quentin Johnston,,Justin Jefferson,WR,1.87%,14.1
126,4509314457,Bkid22 (2/2),0,184.88,DST Broncos  FLEX Mike Gesicki QB Jared Goff RB Jahmyr Gibbs RB Chase Brown TE AJ Barner WR Amon-Ra St. Brown WR Ladd McConkey WR Jerry Jeudy,,Brian Thomas Jr.,WR,1.87%,13.6
126,4512303742,Sammy.Boy (3/20),0,184.88,DST Jets  FLEX Will Dissly QB Justin Herbert RB De'Von Achane RB Josh Jacobs TE Davis Allen WR Amon-Ra St. Brown WR Cooper Kupp WR Ladd McConkey,,Jaguars ,DST,1.82%,-4
128,4512603274,bucsnpucks9 (3/6),0,184.38,DST Texans  FLEX Nick Westbrook-Ikhine QB Bo Nix RB Joe Mixon RB Rhamondre Stevenson TE Dallas Goedert WR Amon-Ra St. Brown WR DeVonta Smith WR Mike Williams,,AJ Barner,TE,1.80%,3.5
129,4510341272,wasko018 (12/20),0,184.28,DST Texans  FLEX Jermaine Burton QB Justin Herbert RB Saquon Barkley RB Joe Mixon TE Will Dissly WR Puka Nacua WR Garrett Wilson WR DeMario Douglas,,J.K. Dobbins,RB,1.73%,18.9
130,4511355520,Deadman1961 (7/8),0,184.24,DST Texans  FLEX David Njoku QB Derek Carr RB Alvin Kamara RB Chase Brown TE Taysom Hill WR Courtland Sutton WR Jakobi Meyers WR Jauan Jennings,,Patrick Mahomes,QB,1.73%,17.84
131,4512180345,CoryBradley (18/20),0,184.2,DST Jets  FLEX Joe Mixon QB Jameis Winston RB Christian McCaffrey RB David Montgomery TE Zach Ertz WR Jerry Jeudy WR Cedric Tillman WR Elijah Moore,,Tyler Conklin,TE,1.72%,1.7
132,4510156193,GolfSpace7 (3/5),0,184.07999,DST Bears  FLEX Will Dissly QB Justin Herbert RB Saquon Barkley RB Joe Mixon TE Pat Freiermuth WR Amon-Ra St. Brown WR Jakobi Meyers WR Cedric Tillman,,Zach Charbonnet,RB,1.63%,2.5
133,4511547099,lilcharney81 (14/20),0,183.92001,DST Dolphins  FLEX David Montgomery QB Jameis Winston RB Jahmyr Gibbs RB De'Von Achane TE Taysom Hill WR Deebo Samuel Sr. WR Quentin Johnston WR Elijah Moore,,Bills ,DST,1.56%,6
134,4510452839,jamjrmac,0,183.88002,DST Bears  FLEX Tanner Hudson QB Jared Goff RB Joe Mixon RB Jahmyr Gibbs TE T.J. Hockenson WR Amon-Ra St. Brown WR Cooper Kupp WR Malik Washington,,Matthew Stafford,QB,1.55%,27.8
135,4511671945,pgk8 (2/20),0,183.68001,DST Titans  FLEX Will Dissly QB Justin Herbert RB Christian McCaffrey RB De'Von Achane TE Brock Bowers WR Tee Higgins WR Ladd McConkey WR Quentin Johnston,,Diontae Johnson,WR,1.55%,0
136,4512273699,Norm152241 (2/5),0,183.52,DST Jets  FLEX Javonte Williams QB Jameis Winston RB Saquon Barkley RB Austin Ekeler TE Taysom Hill WR Jaylen Waddle WR Xavier Worthy WR Jakobi Meyers,,Tyreek Hill,WR,1.51%,19.1
137,4511983875,CoachFrame (7/10),0,183.38002,DST Dolphins  FLEX Marquez Valdes-Scantling QB Jared Goff RB Saquon Barkley RB Jahmyr Gibbs TE Jonnu Smith WR Garrett Wilson WR Jauan Jennings WR Rashod Bateman,,49ers ,DST,1.48%,7
138,4510005518,jeh666 (3/20),0,183.23999,DST Steelers  FLEX Marquez Valdes-Scantling QB Jalen Hurts RB Saquon Barkley RB Joe Mixon TE Chig Okonkwo WR Ja'Marr Chase WR Devaughn Vele WR Nick Westbrook-Ikhine,,Seahawks ,DST,1.41%,5
139,4510004285,njmike75 (1/20),0,183.18001,DST Browns  FLEX Brock Bowers QB Justin Herbert RB Saquon Barkley RB Nick Chubb TE Jonnu Smith WR Puka Nacua WR Ladd McConkey WR Diontae Johnson,,Darnell Mooney,WR,1.36%,4.7
140,4511456131,vinceh23 (1/8),0,183.08002,DST Lions  FLEX David Montgomery QB Jared Goff RB Joe Mixon RB Jahmyr Gibbs TE Kyle Pitts WR Jameson Williams WR Elijah Moore WR Kayshon Boutte,,Derek Carr,QB,1.31%,18.72
141,4510004300,njmike75 (9/20),0,183,DST Browns  FLEX Brock Bowers QB Matthew Stafford RB Joe Mixon RB D'Andre Swift TE Hunter Henry WR Cooper Kupp WR Romeo Doubs WR Elijah Moore,,Javonte Williams,RB,1.31%,18.7
142,4512121368,sixers1212 (11/20),0,182.98,DST Lions  FLEX Nick Westbrook-Ikhine QB Jared Goff RB Jahmyr Gibbs RB David Montgomery TE Tyler Conklin WR Amon-Ra St. Brown WR DeVonta Smith WR Elijah Moore,,Ray-Ray McCloud III,WR,1.31%,10.6
143,4509696044,longballkc (1/2),0,182.94002,DST Vikings  FLEX Jameson Williams QB Sam Darnold RB David Montgomery RB Raheem Mostert TE Brock Bowers WR Jakobi Meyers WR Jerry Jeudy WR Jauan Jennings,,Jordan Love,QB,1.30%,21.24
144,4511967433,82181frosty (3/3),0,182.92,DST Rams  FLEX Dawson Knox QB Tua Tagovailoa RB Joe Mixon RB Jahmyr Gibbs TE Jonnu Smith WR Amon-Ra St. Brown WR Jaylen Waddle WR John Metchie III,,Aaron Jones,RB,1.30%,5.3
145,4511237787,ttalan (1/10),0,182.90001,DST Vikings  FLEX Taysom Hill QB Jared Goff RB Christian McCaffrey RB Zach Charbonnet TE Jonnu Smith WR Darnell Mooney WR Jayden Reed WR Jauan Jennings,,Alec Pierce,WR,1.30%,10.4
145,4511237964,ttalan (8/10),0,182.90001,DST Vikings  FLEX Taysom Hill QB Jared Goff RB Christian McCaffrey RB Zach Charbonnet TE Jonnu Smith WR Darnell Mooney WR Jayden Reed WR Jauan Jennings,,Joshua Palmer,WR,1.26%,4.3
145,4511237965,ttalan (9/10),0,182.90001,DST Vikings  FLEX Taysom Hill QB Jared Goff RB Christian McCaffrey RB Zach Charbonnet TE Jonnu Smith WR Darnell Mooney WR Jayden Reed WR Jauan Jennings,,Chargers ,DST,1.24%,3
145,4511237966,ttalan (10/10),0,182.90001,DST Vikings  FLEX Taysom Hill QB Jared Goff RB Christian McCaffrey RB Zach Charbonnet TE Jonnu Smith WR Darnell Mooney WR Jayden Reed WR Jauan Jennings,,Demarcus Robinson,WR,1.23%,3.9
149,4509735168,TJOZWIZ (9/20),0,182.68001,DST Lions  FLEX Quentin Johnston QB Jared Goff RB Joe Mixon RB Kareem Hunt TE Will Dissly WR Amon-Ra St. Brown WR Cedric Tillman WR Devaughn Vele,,Davante Adams,FLEX,1.18%,13.2
149,4511558107,Nola_whodat_whodat,0,182.68001,DST Rams  FLEX D'Andre Swift QB Jared Goff RB Saquon Barkley RB David Montgomery TE Dallas Goedert WR Jameson Williams WR Rashod Bateman WR Marquez Valdes-Scantling,,Tony Pollard,RB,1.18%,4.9
151,4511880042,chas1111 (3/4),0,182.58,DST Titans  FLEX Jahmyr Gibbs QB Justin Herbert RB Saquon Barkley RB Joe Mixon TE Mark Andrews WR Jauan Jennings WR Quentin Johnston WR Marquez Valdes-Scantling,,Tanner Hudson,FLEX,1.14%,3.3
152,4509344458,michpeck,0,182.48001,DST Lions  FLEX Jameson Williams QB Jared Goff RB Joe Mixon RB Audric Estime TE David Njoku WR George Pickens WR Quentin Johnston WR Marquez Valdes-Scantling,,Tyler Lockett,WR,1.13%,3.9
152,4512295040,NYGFan56 (14/20),0,182.48,DST Vikings  FLEX Will Dissly QB Justin Herbert RB Saquon Barkley RB Joe Mixon TE Davis Allen WR Deebo Samuel Sr. WR Ladd McConkey WR Jameson Williams,,Jalen Tolbert,FLEX,1.08%,4.1
154,4511653079,One21two (3/4),0,182.46,DST Texans  FLEX Joe Mixon QB Brock Purdy RB De'Von Achane RB Kenneth Walker III TE Brock Bowers WR Jauan Jennings WR Mack Hollins WR Kayshon Boutte,,Raiders ,DST,1.08%,1
155,4511611925,wscj315,0,182.38,DST Browns  FLEX Tyreek Hill QB Bo Nix RB Bijan Robinson RB Joe Mixon TE Brock Bowers WR Courtland Sutton WR KaVontae Turpin WR Lil'Jordan Humphrey,,Keenan Allen,WR,1.08%,8.1
155,4512571468,dwilliamsmma (14/20),0,182.38,DST Titans  FLEX Joe Mixon QB Justin Herbert RB Jahmyr Gibbs RB De'Von Achane TE Will Dissly WR Puka Nacua WR Ladd McConkey WR Kayshon Boutte,,Jaylen Warren,RB,1.06%,10.8
157,4511304380,jeffreyfeig (6/20),0,182.28001,DST Dolphins  FLEX Jerry Jeudy QB Bo Nix RB Joe Mixon RB Audric Estime TE T.J. Hockenson WR Puka Nacua WR Courtland Sutton WR Jauan Jennings,,Justice Hill,RB,1.06%,8.1
158,4510077973,Bobcat8217,0,182.18001,DST Jets  FLEX Joe Mixon QB Justin Herbert RB Saquon Barkley RB Jonathan Taylor TE Will Dissly WR Ladd McConkey WR Jauan Jennings WR Kayshon Boutte,,Josh Downs,WR,1.06%,19.4
159,4512357416,Deadman1961 (8/8),0,182.08002,DST Vikings  FLEX Alexander Mattison QB Jared Goff RB Jahmyr Gibbs RB David Montgomery TE Jonnu Smith WR Courtland Sutton WR Jakobi Meyers WR Jauan Jennings,,Jordan Mason,RB,1.06%,1.3
159,4512668100,etslerar,0,182.08,DST Browns  FLEX Jauan Jennings QB Jared Goff RB Joe Mixon RB Nick Chubb TE Mark Andrews WR Amon-Ra St. Brown WR Rome Odunze WR Marquez Valdes-Scantling,,Noah Gray,TE,1.06%,18.3
161,4511536929,atong126 (10/20),0,181.98001,DST Titans  FLEX Will Dissly QB Justin Herbert RB Joe Mixon RB Josh Jacobs TE Hunter Henry WR Ja'Marr Chase WR Ladd McConkey WR Quentin Johnston,,Cowboys ,DST,1.03%,2
161,4512451884,winboy27,0,181.98001,DST Lions  FLEX Pat Freiermuth QB Jared Goff RB David Montgomery RB Alexander Mattison TE Mark Andrews WR Amon-Ra St. Brown WR Jameson Williams WR Jauan Jennings,,Rome Odunze,FLEX,1.01%,12.5
163,4512102618,fubisface,0,181.78,DST Lions  FLEX Puka Nacua QB Jared Goff RB Jahmyr Gibbs RB Rhamondre Stevenson TE Will Dissly WR Jameson Williams WR Jauan Jennings WR Rashod Bateman,,Najee Harris,RB,0.94%,13.3
164,4510915013,jewcyJblaze (10/20),0,181.68001,DST Dolphins  FLEX Jonnu Smith QB Josh Allen RB Saquon Barkley RB David Montgomery TE Hunter Henry WR Terry McLaurin WR Ladd McConkey WR Nick Westbrook-Ikhine,,Travis Etienne Jr.,RB,0.89%,6.3
165,4511519209,bobjustbob728 (14/20),0,181.64,DST Texans  FLEX Will Dissly QB Jalen Hurts RB Joe Mixon RB Chase Brown TE Mark Andrews WR Calvin Ridley WR Jerry Jeudy WR Jauan Jennings,,CeeDee Lamb,WR,0.89%,18.6
166,4511940130,Joejoemathguy,0,181.58002,DST Vikings  FLEX Dallas Goedert QB Jared Goff RB Joe Mixon RB Audric Estime TE Will Dissly WR Ja'Marr Chase WR George Pickens WR Marquez Valdes-Scantling,,Cam Akers,RB,0.87%,11.6
166,4511803486,Chooby (2/5),0,181.58,DST Lions  FLEX Joe Mixon QB Jared Goff RB Saquon Barkley RB Derrick Henry TE Dawson Knox WR Marquez Valdes-Scantling WR Mike Williams WR Nick Westbrook-Ikhine,,Xavier Worthy,WR,0.87%,16.8
168,4511996774,Papabooda (3/3),0,181.48,DST Eagles  FLEX Jauan Jennings QB Justin Herbert RB Saquon Barkley RB Joe Mixon TE Will Dissly WR CeeDee Lamb WR Cedric Tillman WR Tim Patrick,,DJ Moore,WR,0.87%,13.7
169,4512049495,newguy2015 (13/20),0,181.44,DST Texans  FLEX Will Dissly QB Joe Burrow RB Saquon Barkley RB De'Von Achane TE Davis Allen WR Ja'Marr Chase WR Ladd McConkey WR Kayshon Boutte,,Jerome Ford,RB,0.86%,7.9
170,4509916617,Romello_Martinez (18/20),0,181.28001,DST Titans  FLEX Tee Higgins QB Justin Herbert RB Josh Jacobs RB Chase Brown TE Will Dissly WR Puka Nacua WR Ladd McConkey WR Jakobi Meyers,,JuJu Smith-Schuster,WR,0.84%,1.8
171,4511880837,CashMoneyClassic (8/20),0,181,DST Texans  FLEX Will Dissly QB Jameis Winston RB Alvin Kamara RB Breece Hall TE Hunter Henry WR Amon-Ra St. Brown WR Khalil Shakir WR Noah Brown,,Sam Darnold,QB,0.82%,24.64
172,4509851645,TACOMATRD (19/20),0,180.98001,DST Browns  FLEX T.J. Hockenson QB Jared Goff RB Saquon Barkley RB Jahmyr Gibbs TE Zach Ertz WR Brian Thomas Jr. WR Jameson Williams WR Jauan Jennings,,KaVontae Turpin,WR,0.82%,17.6
173,4510877847,mywife123,0,180.88,DST Ravens  FLEX Raheem Mostert QB Jared Goff RB Joe Mixon RB Chase Brown TE Brock Bowers WR Jerry Jeudy WR DeMario Douglas WR Adonai Mitchell,,Gardner Minshew II,QB,0.79%,18.98
173,4512295031,NYGFan56 (5/20),0,180.88,DST Broncos  FLEX Jahmyr Gibbs QB Justin Herbert RB De'Von Achane RB David Montgomery TE Will Dissly WR Puka Nacua WR Ladd McConkey WR Devaughn Vele,,Christian Watson,WR,0.77%,22
175,4511802881,Anttwonn20 (16/20),0,180.58,DST Texans  FLEX Will Dissly QB Justin Herbert RB Joe Mixon RB Chase Brown TE Mike Gesicki WR Ja'Marr Chase WR Ladd McConkey WR Quentin Johnston,,Brock Wright,TE,0.76%,7.5
176,4510032243,Heis1212 (2/4),0,180.28,DST Broncos  FLEX Amon-Ra St. Brown QB Jared Goff RB Jahmyr Gibbs RB David Montgomery TE Hunter Henry WR Zay Flowers WR Marquez Valdes-Scantling WR Robert Woods,,Nelson Agholor,FLEX,0.76%,0
176,4511137987,waterbuffalo2310 (14/16),0,180.28,DST Vikings  FLEX Jaxon Smith-Njigba QB Jared Goff RB David Montgomery RB Javonte Williams TE Kyle Pitts WR Amon-Ra St. Brown WR Quentin Johnston WR Kayshon Boutte,,Kenneth Gainwell,RB,0.74%,5.9
178,4509892044,fonz57,0,180.18,DST Titans  FLEX David Montgomery QB Justin Herbert RB Joe Mixon RB Jahmyr Gibbs TE Jonnu Smith WR Deebo Samuel Sr. WR Courtland Sutton WR Marquez Valdes-Scantling,,Anthony Richardson,QB,0.74%,29.08
179,4511383464,BeatTheKellys (11/20),0,180.12001,DST Vikings  FLEX Hunter Henry QB Tua Tagovailoa RB Joe Mixon RB De'Von Achane TE Jonnu Smith WR George Pickens WR Calvin Ridley WR Marquez Valdes-Scantling,,Gus Edwards,RB,0.74%,2.7
180,4511382717,BeatTheKellys (10/20),0,180.08002,DST Vikings  FLEX Hunter Henry QB Gardner Minshew II RB Christian McCaffrey RB Joe Mixon TE Brock Bowers WR Jakobi Meyers WR Jauan Jennings WR Marquez Valdes-Scantling,,Jalen Nailor,WR,0.72%,0
181,4511463977,Birdsareawesome (1/2),0,179.98,DST Texans  FLEX Joe Mixon QB Justin Herbert RB Chase Brown RB Rhamondre Stevenson TE David Njoku WR DeAndre Hopkins WR Jerry Jeudy WR DeMario Douglas,,Commanders ,DST,0.69%,2
182,4510772899,DannyCran25,0,179.78001,DST Vikings  FLEX Will Dissly QB Jared Goff RB Saquon Barkley RB Jerome Ford TE Mark Andrews WR Amon-Ra St. Brown WR Jayden Reed WR Quentin Johnston,,Andrei Iosivas,WR,0.69%,7.6
183,4509858221,coachlobo,0,179.62001,DST Dolphins  FLEX Marquez Valdes-Scantling QB Tua Tagovailoa RB Joe Mixon RB Nick Chubb TE Jonnu Smith WR Tyreek Hill WR Courtland Sutton WR Jauan Jennings,,Jake Ferguson,TE,0.69%,2.1
184,4512666030,dlsf49ers (1/2),0,179.48001,DST Titans  FLEX Nick Westbrook-Ikhine QB Jared Goff RB Joe Mixon RB Kareem Hunt TE Dawson Knox WR Amon-Ra St. Brown WR Deebo Samuel Sr. WR Jordan Addison,,Ravens ,DST,0.69%,7
184,4512675381,dlsf49ers (2/2),0,179.48001,DST Titans  FLEX Nick Westbrook-Ikhine QB Jared Goff RB Joe Mixon RB Kareem Hunt TE Dawson Knox WR Amon-Ra St. Brown WR Deebo Samuel Sr. WR Jordan Addison,,Tyjae Spears,RB,0.67%,2.8
186,4510046088,Jpillow10010 (15/20),0,179.4,DST Lions  FLEX Javonte Williams QB Matthew Stafford RB Joe Mixon RB Nick Chubb TE Josh Oliver WR Cooper Kupp WR Puka Nacua WR Marvin Mims Jr.,,George Kittle,TE,0.66%,0
187,4510119817,bl3rf (18/20),0,179.28001,DST Jets  FLEX Will Dissly QB Bo Nix RB Christian McCaffrey RB Saquon Barkley TE Dawson Knox WR Amon-Ra St. Brown WR Courtland Sutton WR Devaughn Vele,,Lil'Jordan Humphrey,WR,0.64%,15.2
188,4511505685,wookiee65 (11/20),0,179.24,DST Texans  FLEX Odell Beckham Jr. QB Sam Darnold RB Josh Jacobs RB David Montgomery TE Will Dissly WR Justin Jefferson WR Amon-Ra St. Brown WR Devaughn Vele,,Tyler Allgeier,RB,0.61%,0.9
189,4511237960,ttalan (4/10),0,179.20001,DST Vikings  FLEX Taysom Hill QB Justin Herbert RB David Montgomery RB Rhamondre Stevenson TE Jonnu Smith WR Zay Flowers WR Deebo Samuel Sr. WR Jayden Reed,,Falcons ,DST,0.61%,-3
190,4512026995,jmag715,0,179.18002,DST 49ers  FLEX Jauan Jennings QB Bo Nix RB Saquon Barkley RB Joe Mixon TE Dalton Schultz WR Ladd McConkey WR Ricky Pearsall WR Devaughn Vele,,Odell Beckham Jr.,FLEX,0.59%,3.3
190,4511384137,gabe1976,0,179.18001,DST Texans  FLEX Saquon Barkley QB Justin Herbert RB David Montgomery RB Cam Akers TE Will Dissly WR Tank Dell WR Ladd McConkey WR Quentin Johnston,,Austin Hooper,TE,0.59%,7.5
190,4512257456,rsumrall (5/20),0,179.18001,DST Titans  FLEX Joe Mixon QB Justin Herbert RB Josh Jacobs RB Chase Brown TE Will Dissly WR George Pickens WR Jakobi Meyers WR Jauan Jennings,,Juwan Johnson,FLEX,0.56%,12
190,4512571465,dwilliamsmma (11/20),0,179.18001,DST Titans  FLEX Chase Brown QB Justin Herbert RB Saquon Barkley RB De'Von Achane TE Will Dissly WR Ladd McConkey WR Jakobi Meyers WR Jauan Jennings,,Amari Cooper,WR,0.56%,7.5
194,4510230531,Fist2lip,0,179.08002,DST Rams  FLEX Puka Nacua QB Jared Goff RB Joe Mixon RB Braelon Allen TE Dalton Schultz WR Jameson Williams WR Jauan Jennings WR John Metchie III,,Jahan Dotson,WR,0.52%,1.8
194,4511731001,nolanspack (5/5),0,179.07999,DST Colts  FLEX Pat Freiermuth QB Jared Goff RB Joe Mixon RB Jahmyr Gibbs TE Will Dissly WR Amon-Ra St. Brown WR George Pickens WR Calvin Austin III,,Lucas Krull,FLEX,0.49%,0
196,4512401534,ElusiveEquine (3/4),0,179.04001,DST Texans  FLEX Mike Gesicki QB Joe Burrow RB Joe Mixon RB Chase Brown TE Dallas Goedert WR Tee Higgins WR Calvin Ridley WR Marquez Valdes-Scantling,,Caleb Williams,QB,0.49%,16.24
197,4512591410,DomingoSalvajeS (7/20),0,178.98001,DST Chargers  FLEX Tee Higgins QB Justin Herbert RB Kyren Williams RB Joe Mixon TE Will Dissly WR Khalil Shakir WR Jauan Jennings WR Quentin Johnston,,Kirk Cousins,QB,0.49%,5.92
198,4512180341,CoryBradley (14/20),0,178.9,DST Dolphins  FLEX Joe Mixon QB Jameis Winston RB Bijan Robinson RB De'Von Achane TE Zach Ertz WR Jerry Jeudy WR Cedric Tillman WR Elijah Moore,,Tre Tucker,WR,0.45%,6.5
199,4511547105,lilcharney81 (20/20),0,178.80002,DST Dolphins  FLEX Chase Brown QB Matthew Stafford RB De'Von Achane RB David Montgomery TE Hunter Henry WR Puka Nacua WR Tee Higgins WR Kayshon Boutte,,Dontayvion Wicks,FLEX,0.45%,0
200,4511520124,bobjustbob728 (15/20),0,178.78,DST Texans  FLEX Will Dissly QB Lamar Jackson RB Joe Mixon RB Chase Brown TE Mark Andrews WR Calvin Ridley WR Jerry Jeudy WR Jauan Jennings,,Adonai Mitchell,WR,0.44%,4.5
201,4511993534,MrMikeNC,0,178.68001,DST Broncos  FLEX Joe Mixon QB Anthony Richardson RB Chase Brown RB Austin Ekeler TE Will Dissly WR Ja'Marr Chase WR Quentin Johnston WR Jalen Tolbert,,Mac Jones,QB,0.44%,5.22
201,4512118074,LTskelter (19/20),0,178.68001,DST Titans  FLEX Will Dissly QB Jared Goff RB Jahmyr Gibbs RB Chase Brown TE Travis Kelce WR Amon-Ra St. Brown WR Jauan Jennings WR DeMario Douglas,,Josh Oliver,TE,0.44%,6.4
203,4510296370,ghathhorn,0,178.64,DST Rams  FLEX Cam Akers QB Joe Burrow RB Joe Mixon RB Audric Estime TE Brock Bowers WR Ja'Marr Chase WR Marquez Valdes-Scantling WR Mack Hollins,,Will Levis,QB,0.42%,16.6
204,4512340856,2briar (4/20),0,178.48,DST Broncos  FLEX Joe Mixon QB Drake Maye RB Saquon Barkley RB Breece Hall TE Hunter Henry WR Jakobi Meyers WR DeMario Douglas WR Kayshon Boutte,,Olamide Zaccheaus,WR,0.42%,2
205,4511997589,VegetaRonald00 (20/20),0,178.40001,DST Jets  FLEX J.K. Dobbins QB Will Levis RB Saquon Barkley RB Joe Mixon TE Zach Ertz WR Ja'Marr Chase WR KaVontae Turpin WR Olamide Zaccheaus,,Darnell Washington,FLEX,0.42%,6.2
206,4510749307,GENOsMayhem (3/3),0,178.38002,DST Lions  FLEX Quentin Johnston QB Jared Goff RB David Montgomery RB Rhamondre Stevenson TE Brock Bowers WR Amon-Ra St. Brown WR Ricky Pearsall WR Justin Watson,,Tylan Wallace,WR,0.42%,1.8
207,4512180403,rob_coconut,0,178.36,DST Texans  FLEX Mark Andrews QB Brock Purdy RB Joe Mixon RB Kareem Hunt TE Dawson Knox WR Amon-Ra St. Brown WR Jauan Jennings WR Marquez Valdes-Scantling,,Cooper Rush,QB,0.40%,20.36
208,4511516269,bobjustbob728 (13/20),0,178.28001,DST Texans  FLEX Hunter Henry QB Josh Allen RB Joe Mixon RB Chase Brown TE Mark Andrews WR DeAndre Hopkins WR Jerry Jeudy WR Jauan Jennings,,Bengals ,DST,0.40%,3
208,4511802882,Anttwonn20 (17/20),0,178.28001,DST Texans  FLEX Chase Brown QB Justin Herbert RB Joe Mixon RB J.K. Dobbins TE Mike Gesicki WR Tee Higgins WR Ladd McConkey WR Robert Woods,,Samaje Perine,FLEX,0.40%,2.8
210,4511729737,Clickster110 (6/6),0,177.98001,DST Vikings  FLEX Jameson Williams QB Jared Goff RB Joe Mixon RB Jerome Ford TE Dawson Knox WR Puka Nacua WR Ladd McConkey WR Ricky Pearsall,,Chiefs ,DST,0.40%,1
210,4511964580,eastbeast06,0,177.98001,DST Broncos  FLEX Romeo Doubs QB Justin Herbert RB Saquon Barkley RB David Montgomery TE Jonnu Smith WR George Pickens WR Courtland Sutton WR Quentin Johnston,,Jeremy McNichols,RB,0.39%,1.6
210,4510119806,bl3rf (7/20),0,177.98,DST Rams  FLEX Joe Mixon QB Justin Herbert RB Breece Hall RB Josh Jacobs TE Will Dissly WR Tyreek Hill WR Quentin Johnston WR Calvin Austin III,,Ray Davis,RB,0.39%,1.1
210,4512165350,jxh128,0,177.98,DST Dolphins  FLEX Amon-Ra St. Brown QB Justin Herbert RB Alvin Kamara RB Joe Mixon TE Will Dissly WR Jordan Addison WR Demarcus Robinson WR Marquez Valdes-Scantling,,Brenton Strange,TE,0.37%,1.6
214,4512378469,Worps1967,0,177.88002,DST Browns  FLEX Joe Mixon QB Jared Goff RB Saquon Barkley RB Kareem Hunt TE Brock Wright WR Jameson Williams WR Jauan Jennings WR Mike Williams,,Kalif Raymond,WR,0.35%,5
214,4510889309,weller96 (12/20),0,177.88,DST Texans  FLEX Jauan Jennings QB Jared Goff RB Kyren Williams RB Nick Chubb TE Hunter Henry WR Amon-Ra St. Brown WR DeAndre Hopkins WR Nick Westbrook-Ikhine,,Chig Okonkwo,TE,0.34%,3.9
216,4512295035,NYGFan56 (9/20),0,177.78,DST Jets  FLEX Will Dissly QB Justin Herbert RB Bijan Robinson RB Joe Mixon TE Davis Allen WR Amon-Ra St. Brown WR Puka Nacua WR Quentin Johnston,,Braelon Allen,RB,0.34%,0.6
217,4512125935,ByronCenter (1/3),0,177.68001,DST Broncos  FLEX J.K. Dobbins QB Jared Goff RB Jahmyr Gibbs RB David Montgomery TE Jonnu Smith WR Jameson Williams WR Cedric Tillman WR Ricky Pearsall,,Grant Calcaterra,FLEX,0.32%,0
218,4509930882,Dsilvas,0,177.58,DST Dolphins  FLEX Marquez Valdes-Scantling QB Jared Goff RB Joe Mixon RB David Montgomery TE Sam LaPorta WR Amon-Ra St. Brown WR Quentin Johnston WR Ricky Pearsall,,Gabe Davis,WR,0.30%,1.3
218,4510866923,Btodam06 (6/20),0,177.58,DST Texans  FLEX George Pickens QB Justin Herbert RB Joe Mixon RB De'Von Achane TE Will Dissly WR Terry McLaurin WR Courtland Sutton WR Nick Westbrook-Ikhine,,Jaleel McLaughlin,RB,0.29%,1.9
218,4511170594,Purplepain777 (15/20),0,177.58,DST Texans  FLEX George Pickens QB Justin Herbert RB Joe Mixon RB De'Von Achane TE Will Dissly WR Terry McLaurin WR Courtland Sutton WR Nick Westbrook-Ikhine,,Roschon Johnson,RB,0.29%,11.1
218,4512199582,Doozio (2/2),0,177.58,DST Titans  FLEX Joe Mixon QB Justin Herbert RB De'Von Achane RB Chase Brown TE Will Dissly WR Ja'Marr Chase WR Jakobi Meyers WR Curtis Samuel,,Michael Pittman Jr.,WR,0.27%,9.6
222,4510997234,fatkidfromeaton,0,177.56001,DST Titans  FLEX Taysom Hill QB Jalen Hurts RB Joe Mixon RB David Montgomery TE Mark Andrews WR Calvin Ridley WR Courtland Sutton WR Marquez Valdes-Scantling,,Sam LaPorta,TE,0.27%,0
223,4512255441,jlg1973 (6/20),0,177.54001,DST Jaguars  FLEX Brock Bowers QB Jalen Hurts RB Saquon Barkley RB Chase Brown TE Jonnu Smith WR Calvin Ridley WR Jakobi Meyers WR Nick Westbrook-Ikhine,,Dare Ogunbowale,RB,0.27%,2.1
224,4512505865,egram04,0,177.5,DST Texans  FLEX Brock Bowers QB Russell Wilson RB Joe Mixon RB David Montgomery TE Zach Ertz WR Jayden Reed WR Jameson Williams WR Ricky Pearsall,,Adam Trautman,TE,0.27%,0
225,4509888525,ckm1 (1/2),0,177.18001,DST Titans  FLEX Ladd McConkey QB Justin Herbert RB Joe Mixon RB Jahmyr Gibbs TE Pat Freiermuth WR Courtland Sutton WR Jameson Williams WR Jauan Jennings,,Tutu Atwell,FLEX,0.27%,3.1
225,4511601993,Yuuuuuup54 (2/2),0,177.18001,DST Texans  FLEX Joe Mixon QB Justin Herbert RB Christian McCaffrey RB De'Von Achane TE Dawson Knox WR Jauan Jennings WR Cedric Tillman WR Elijah Moore,,Justin Watson,WR,0.27%,4.6
227,4509850637,mikygittings (4/20),0,177.1,DST Texans  FLEX Ricky Pearsall QB Jameis Winston RB Joe Mixon RB Rhamondre Stevenson TE David Njoku WR Ladd McConkey WR Jerry Jeudy WR Cedric Tillman,,Ty Johnson,RB,0.25%,1.8
228,4509122782,stevmortc (1/10),0,177.08002,DST Lions  FLEX Zach Ertz QB Bo Nix RB Joe Mixon RB Kareem Hunt TE Dallas Goedert WR Ladd McConkey WR Courtland Sutton WR Jauan Jennings,,Jonathan Mingo,WR,0.24%,0
228,4509122783,stevmortc (2/10),0,177.08002,DST Lions  FLEX Zach Ertz QB Bo Nix RB Joe Mixon RB Kareem Hunt TE Dallas Goedert WR Ladd McConkey WR Courtland Sutton WR Jauan Jennings,,Kendrick Bourne,FLEX,0.24%,18
228,4509122784,stevmortc (3/10),0,177.08002,DST Lions  FLEX Zach Ertz QB Bo Nix RB Joe Mixon RB Kareem Hunt TE Dallas Goedert WR Ladd McConkey WR Courtland Sutton WR Jauan Jennings,,Malik Washington,FLEX,0.24%,4.8
228,4509122785,stevmortc (4/10),0,177.08002,DST Lions  FLEX Zach Ertz QB Bo Nix RB Joe Mixon RB Kareem Hunt TE Dallas Goedert WR Ladd McConkey WR Courtland Sutton WR Jauan Jennings,,Dyami Brown,WR,0.24%,1.4
228,4509122786,stevmortc (5/10),0,177.08002,DST Lions  FLEX Zach Ertz QB Bo Nix RB Joe Mixon RB Kareem Hunt TE Dallas Goedert WR Ladd McConkey WR Courtland Sutton WR Jauan Jennings,,Luke McCaffrey,WR,0.22%,0
228,4509122787,stevmortc (6/10),0,177.08002,DST Lions  FLEX Zach Ertz QB Bo Nix RB Joe Mixon RB Kareem Hunt TE Dallas Goedert WR Ladd McConkey WR Courtland Sutton WR Jauan Jennings,,Cedrick Wilson Jr.,WR,0.22%,0
228,4509122788,stevmortc (7/10),0,177.08002,DST Lions  FLEX Zach Ertz QB Bo Nix RB Joe Mixon RB Kareem Hunt TE Dallas Goedert WR Ladd McConkey WR Courtland Sutton WR Jauan Jennings,,Marvin Mims Jr.,FLEX,0.22%,13.3
228,4509122789,stevmortc (8/10),0,177.08002,DST Lions  FLEX Zach Ertz QB Bo Nix RB Joe Mixon RB Kareem Hunt TE Dallas Goedert WR Ladd McConkey WR Courtland Sutton WR Jauan Jennings,,Xavier Hutchinson,FLEX,0.22%,0
228,4509122790,stevmortc (9/10),0,177.08002,DST Lions  FLEX Zach Ertz QB Bo Nix RB Joe Mixon RB Kareem Hunt TE Dallas Goedert WR Ladd McConkey WR Courtland Sutton WR Jauan Jennings,,Ja'Lynn Polk,WR,0.20%,0
228,4509122791,stevmortc (10/10),0,177.08002,DST Lions  FLEX Zach Ertz QB Bo Nix RB Joe Mixon RB Kareem Hunt TE Dallas Goedert WR Ladd McConkey WR Courtland Sutton WR Jauan Jennings,,Emanuel Wilson,RB,0.20%,1.7
228,4511199439,StrawMyers (5/20),0,177.08002,DST Jets  FLEX Jordan Addison QB Justin Herbert RB Jahmyr Gibbs RB De'Von Achane TE Will Dissly WR Amon-Ra St. Brown WR Ladd McConkey WR Quentin Johnston,,Parker Washington,WR,0.20%,2
239,4512309932,cuzinrizzle (3/3),0,176.94,DST Lions  FLEX Joe Mixon QB Jalen Hurts RB Saquon Barkley RB David Montgomery TE Will Dissly WR Elijah Moore WR Noah Brown WR Devaughn Vele,,Colby Parkinson,TE,0.20%,8.9
240,4511708500,nolanspack (3/5),0,176.88,DST Dolphins  FLEX De'Von Achane QB Bo Nix RB Joe Mixon RB Audric Estime TE Will Dissly WR George Pickens WR Courtland Sutton WR Jauan Jennings,,Zamir White,RB,0.20%,0.9
241,4511885467,WetBandit76 (2/2),0,176.78001,DST Vikings  FLEX Noah Gray QB Jared Goff RB Jahmyr Gibbs RB Emanuel Wilson TE Dawson Knox WR Justin Jefferson WR Amon-Ra St. Brown WR Jauan Jennings,,Hayden Hurst,FLEX,0.19%,0
242,4511513770,bobjustbob728 (12/20),0,176.68001,DST Texans  FLEX Ricky Pearsall QB Bo Nix RB Joe Mixon RB Chase Brown TE Mark Andrews WR Calvin Ridley WR Jerry Jeudy WR Jauan Jennings,,Troy Franklin,WR,0.19%,9.5
242,4512060962,AccidentalHandball87 (11/20),0,176.68001,DST Broncos  FLEX Joe Mixon QB Anthony Richardson RB Alvin Kamara RB Jonathan Taylor TE Jonnu Smith WR Jakobi Meyers WR Jerry Jeudy WR Kayshon Boutte,,Isaiah Likely,TE,0.19%,10.5
244,4512000400,alnew10 (19/19),0,176.62001,DST Dolphins  FLEX David Njoku QB Tua Tagovailoa RB De'Von Achane RB David Montgomery TE Jonnu Smith WR Tyreek Hill WR Jauan Jennings WR Cedric Tillman,,Tyler Goodson,RB,0.19%,0
244,4512223838,NormRed56,0,176.62001,DST Jaguars  FLEX Nick Westbrook-Ikhine QB Tua Tagovailoa RB De'Von Achane RB David Montgomery TE Jonnu Smith WR Cooper Kupp WR George Pickens WR Calvin Ridley,,Tim Patrick,FLEX,0.19%,5.6
246,4511823341,sleprock21 (3/6),0,176.54001,DST Dolphins  FLEX Tim Patrick QB Joe Burrow RB Joe Mixon RB Jahmyr Gibbs TE Dawson Knox WR Amon-Ra St. Brown WR Jameson Williams WR Mike Williams,,Robert Woods,WR,0.19%,3.3
247,4510851511,mallows (1/20),0,176.48,DST Titans  FLEX Will Dissly QB Jared Goff RB Christian McCaffrey RB Jahmyr Gibbs TE Dawson Knox WR Amon-Ra St. Brown WR Jameson Williams WR Cedric Tillman,,Jaylen Wright,FLEX,0.19%,1.6
247,4510851515,mallows (5/20),0,176.48,DST Titans  FLEX Will Dissly QB Jared Goff RB Christian McCaffrey RB Jahmyr Gibbs TE Dawson Knox WR Amon-Ra St. Brown WR Jameson Williams WR Cedric Tillman,,Mo Alie-Cox,TE,0.17%,3.7
247,4510851519,mallows (9/20),0,176.48,DST Titans  FLEX Will Dissly QB Jared Goff RB Christian McCaffrey RB Jahmyr Gibbs TE Dawson Knox WR Amon-Ra St. Brown WR Jameson Williams WR Cedric Tillman,,Tyler Boyd,FLEX,0.17%,5.4
247,4510851523,mallows (13/20),0,176.48,DST Titans  FLEX Will Dissly QB Jared Goff RB Christian McCaffrey RB Jahmyr Gibbs TE Dawson Knox WR Amon-Ra St. Brown WR Jameson Williams WR Cedric Tillman,,Eric Saubert,TE,0.17%,1.7
247,4510851527,mallows (17/20),0,176.48,DST Titans  FLEX Will Dissly QB Jared Goff RB Christian McCaffrey RB Jahmyr Gibbs TE Dawson Knox WR Amon-Ra St. Brown WR Jameson Williams WR Cedric Tillman,,Dalvin Cook,RB,0.15%,0
252,4511938560,troydavidhatcher (3/20),0,176.4,DST Dolphins  FLEX Bijan Robinson QB Bo Nix RB Rhamondre Stevenson RB Raheem Mostert TE Taysom Hill WR Courtland Sutton WR Jerry Jeudy WR Jauan Jennings,,Mecole Hardman,FLEX,0.15%,4.1
253,4511938559,troydavidhatcher (2/20),0,176.3,DST Texans  FLEX Ladd McConkey QB Bo Nix RB David Montgomery RB Raheem Mostert TE Taysom Hill WR Calvin Ridley WR Courtland Sutton WR Jakobi Meyers,,Blake Corum,RB,0.15%,3.8
253,4512125364,pat_the_hat2 (13/20),0,176.3,DST Lions  FLEX Christian McCaffrey QB Jameis Winston RB Josh Jacobs RB David Montgomery TE Zach Ertz WR Jerry Jeudy WR Cedric Tillman WR Elijah Moore,,Jermaine Burton,FLEX,0.15%,1.8
255,4512341667,kspark911 (3/4),0,176.28,DST Seahawks  FLEX David Montgomery QB Jared Goff RB Jahmyr Gibbs RB Zach Charbonnet TE Pat Freiermuth WR Amon-Ra St. Brown WR Jameson Williams WR Marquez Valdes-Scantling,,Khalil Herbert,RB,0.13%,0
256,4512049501,newguy2015 (14/20),0,176.24,DST Texans  FLEX Tanner Hudson QB Joe Burrow RB Joe Mixon RB Josh Jacobs TE Davis Allen WR Deebo Samuel Sr. WR Tee Higgins WR Ladd McConkey,,Justin Fields,QB,0.13%,1.7
257,4510919338,BIGDICCDEE,0,176.08002,DST Jets  FLEX Tee Higgins QB Jared Goff RB Kareem Hunt RB Chase Brown TE Will Dissly WR Ja'Marr Chase WR Jameson Williams WR Kayshon Boutte,,DJ Chark,WR,0.13%,0
257,4512125359,pat_the_hat2 (8/20),0,176.08002,DST Titans  FLEX De'Von Achane QB Justin Herbert RB Alvin Kamara RB Saquon Barkley TE Will Dissly WR Courtland Sutton WR Jauan Jennings WR Elijah Moore,,Joe Flacco,QB,0.13%,0
257,4512368652,j_brill20 (1/20),0,176.08002,DST Vikings  FLEX Mack Hollins QB Bo Nix RB Joe Mixon RB Rhamondre Stevenson TE Dallas Goedert WR Ja'Marr Chase WR Jerry Jeudy WR Devaughn Vele,,Ezekiel Elliott,FLEX,0.13%,5.4
257,4512368653,j_brill20 (2/20),0,176.08002,DST Vikings  FLEX Mack Hollins QB Bo Nix RB Joe Mixon RB Rhamondre Stevenson TE Dallas Goedert WR Ja'Marr Chase WR Jerry Jeudy WR Devaughn Vele,,Jordan Akins,FLEX,0.13%,2.9
257,4512368654,j_brill20 (3/20),0,176.08002,DST Vikings  FLEX Mack Hollins QB Bo Nix RB Joe Mixon RB Rhamondre Stevenson TE Dallas Goedert WR Ja'Marr Chase WR Jerry Jeudy WR Devaughn Vele,,Xavier Gipson,FLEX,0.12%,2.7
257,4512368655,j_brill20 (4/20),0,176.08002,DST Vikings  FLEX Mack Hollins QB Bo Nix RB Joe Mixon RB Rhamondre Stevenson TE Dallas Goedert WR Ja'Marr Chase WR Jerry Jeudy WR Devaughn Vele,,Cade Stover,FLEX,0.12%,3.5
257,4512368656,j_brill20 (5/20),0,176.08002,DST Vikings  FLEX Mack Hollins QB Bo Nix RB Joe Mixon RB Rhamondre Stevenson TE Dallas Goedert WR Ja'Marr Chase WR Jerry Jeudy WR Devaughn Vele,,Dalton Kincaid,TE,0.12%,0
257,4512368657,j_brill20 (6/20),0,176.08002,DST Vikings  FLEX Mack Hollins QB Bo Nix RB Joe Mixon RB Rhamondre Stevenson TE Dallas Goedert WR Ja'Marr Chase WR Jerry Jeudy WR Devaughn Vele,,Luke Schoonmaker,FLEX,0.12%,11.6
257,4512368658,j_brill20 (7/20),0,176.08002,DST Vikings  FLEX Mack Hollins QB Bo Nix RB Joe Mixon RB Rhamondre Stevenson TE Dallas Goedert WR Ja'Marr Chase WR Jerry Jeudy WR Devaughn Vele,,Drew Sample,FLEX,0.12%,1.5
257,4512368659,j_brill20 (8/20),0,176.08002,DST Vikings  FLEX Mack Hollins QB Bo Nix RB Joe Mixon RB Rhamondre Stevenson TE Dallas Goedert WR Ja'Marr Chase WR Jerry Jeudy WR Devaughn Vele,,Trey Sermon,RB,0.12%,1.3
257,4512368660,j_brill20 (9/20),0,176.08002,DST Vikings  FLEX Mack Hollins QB Bo Nix RB Joe Mixon RB Rhamondre Stevenson TE Dallas Goedert WR Ja'Marr Chase WR Jerry Jeudy WR Devaughn Vele,,Antonio Gibson,FLEX,0.10%,3
257,4512368661,j_brill20 (10/20),0,176.08002,DST Vikings  FLEX Mack Hollins QB Bo Nix RB Joe Mixon RB Rhamondre Stevenson TE Dallas Goedert WR Ja'Marr Chase WR Jerry Jeudy WR Devaughn Vele,,Isaac Guerendo,RB,0.10%,0
257,4512368662,j_brill20 (11/20),0,176.08002,DST Vikings  FLEX Mack Hollins QB Bo Nix RB Joe Mixon RB Rhamondre Stevenson TE Dallas Goedert WR Ja'Marr Chase WR Jerry Jeudy WR Devaughn Vele,,Dameon Pierce,RB,0.10%,0.2
257,4512368663,j_brill20 (12/20),0,176.08002,DST Vikings  FLEX Mack Hollins QB Bo Nix RB Joe Mixon RB Rhamondre Stevenson TE Dallas Goedert WR Ja'Marr Chase WR Jerry Jeudy WR Devaughn Vele,,Ty Chandler,RB,0.10%,0
257,4512368664,j_brill20 (13/20),0,176.08002,DST Vikings  FLEX Mack Hollins QB Bo Nix RB Joe Mixon RB Rhamondre Stevenson TE Dallas Goedert WR Ja'Marr Chase WR Jerry Jeudy WR Devaughn Vele,,Johnny Wilson,WR,0.10%,0
257,4512368665,j_brill20 (14/20),0,176.08002,DST Vikings  FLEX Mack Hollins QB Bo Nix RB Joe Mixon RB Rhamondre Stevenson TE Dallas Goedert WR Ja'Marr Chase WR Jerry Jeudy WR Devaughn Vele,,Kyle Juszczyk,RB,0.08%,3.2
257,4512368666,j_brill20 (15/20),0,176.08002,DST Vikings  FLEX Mack Hollins QB Bo Nix RB Joe Mixon RB Rhamondre Stevenson TE Dallas Goedert WR Ja'Marr Chase WR Jerry Jeudy WR Devaughn Vele,,Mason Tipton,FLEX,0.08%,0
257,4512368667,j_brill20 (16/20),0,176.08002,DST Vikings  FLEX Mack Hollins QB Bo Nix RB Joe Mixon RB Rhamondre Stevenson TE Dallas Goedert WR Ja'Marr Chase WR Jerry Jeudy WR Devaughn Vele,,Trey Lance,QB,0.08%,0
257,4512368668,j_brill20 (17/20),0,176.08002,DST Vikings  FLEX Mack Hollins QB Bo Nix RB Joe Mixon RB Rhamondre Stevenson TE Dallas Goedert WR Ja'Marr Chase WR Jerry Jeudy WR Devaughn Vele,,Johnny Mundt,FLEX,0.08%,2.3
257,4512368669,j_brill20 (18/20),0,176.08002,DST Vikings  FLEX Mack Hollins QB Bo Nix RB Joe Mixon RB Rhamondre Stevenson TE Dallas Goedert WR Ja'Marr Chase WR Jerry Jeudy WR Devaughn Vele,,Jordan Whittington,WR,0.08%,0
257,4512368670,j_brill20 (19/20),0,176.08002,DST Vikings  FLEX Mack Hollins QB Bo Nix RB Joe Mixon RB Rhamondre Stevenson TE Dallas Goedert WR Ja'Marr Chase WR Jerry Jeudy WR Devaughn Vele,,Foster Moreau,TE,0.08%,8
257,4512373528,j_brill20 (20/20),0,176.08002,DST Vikings  FLEX Mack Hollins QB Bo Nix RB Joe Mixon RB Rhamondre Stevenson TE Dallas Goedert WR Ja'Marr Chase WR Jerry Jeudy WR Devaughn Vele,,Carson Steele,RB,0.08%,1.7
257,4512073297,LatinaKitten (12/20),0,176.08,DST Texans  FLEX Joe Mixon QB Justin Herbert RB Christian McCaffrey RB Chase Brown TE Will Dissly WR Khalil Shakir WR Jauan Jennings WR Noah Brown,,Shane Zylstra,TE,0.08%,3.2
257,4510578091,Joeyf369,0,176.07999,DST Vikings  FLEX Josh Oliver QB Brock Purdy RB Christian McCaffrey RB Joe Mixon TE Taysom Hill WR Courtland Sutton WR Jauan Jennings WR Ricky Pearsall,,Cordarrelle Patterson,RB,0.07%,1
281,4511802879,Anttwonn20 (14/20),0,175.84,DST Texans  FLEX Jermaine Burton QB Joe Burrow RB Joe Mixon RB J.K. Dobbins TE Will Dissly WR Ja'Marr Chase WR Ladd McConkey WR DJ Chark,,Charlie Kolar,TE,0.07%,0
282,4510479354,Goran2381 (6/6),0,175.76001,DST Rams  FLEX Diontae Johnson QB Brock Purdy RB Joe Mixon RB Breece Hall TE Colby Parkinson WR Courtland Sutton WR Jerry Jeudy WR Jauan Jennings,,Tyler Johnson,WR,0.07%,0
283,4512530139,sias,0,175.64,DST Broncos  FLEX Ray Davis QB Joe Burrow RB Javonte Williams RB Zach Charbonnet TE Jonnu Smith WR Ja'Marr Chase WR Jameson Williams WR Jauan Jennings,,Ameer Abdullah,RB,0.07%,10.7
284,4509850643,mikygittings (10/20),0,175.58,DST Texans  FLEX DK Metcalf QB Jared Goff RB Jahmyr Gibbs RB Alexander Mattison TE Dallas Goedert WR Amon-Ra St. Brown WR John Metchie III WR Marquez Valdes-Scantling,,Trenton Irwin,WR,0.07%,0
284,4511378340,saintpatriot (6/7),0,175.58,DST Bears  FLEX David Montgomery QB Jared Goff RB Joe Mixon RB Jahmyr Gibbs TE Dawson Knox WR Ladd McConkey WR DeAndre Hopkins WR Marquez Valdes-Scantling,,Ryan Flournoy,WR,0.07%,3.9
284,4511569754,ShanePain69,0,175.58,DST Chargers  FLEX Mike Williams QB Justin Herbert RB Saquon Barkley RB Joe Mixon TE Jonnu Smith WR DeVonta Smith WR Ladd McConkey WR Quentin Johnston,,Van Jefferson,WR,0.05%,0
287,4511976699,VegetaRonald00 (17/20),0,175.56,DST Falcons  FLEX Joe Mixon QB Cooper Rush RB Saquon Barkley RB J.K. Dobbins TE Zach Ertz WR Ja'Marr Chase WR KaVontae Turpin WR Dyami Brown,,D'Ernest Johnson,FLEX,0.05%,0.3
288,4512308974,adamlaskowski,0,175.40001,DST Titans  FLEX Kalif Raymond QB Jameis Winston RB Joe Mixon RB Jahmyr Gibbs TE Brock Bowers WR Ladd McConkey WR Courtland Sutton WR Jakobi Meyers,,Keaton Mitchell,RB,0.05%,0
289,4510619495,Damadbowler (11/20),0,175.29999,DST Bills  FLEX Evan Engram QB Matthew Stafford RB Breece Hall RB Chase Brown TE Zach Ertz WR Cooper Kupp WR Puka Nacua WR Mack Hollins,,Kylen Granson,TE,0.05%,1.4
290,4510711037,Skligem (5/6),0,175.28001,DST Texans  FLEX Jahmyr Gibbs QB Jared Goff RB Joe Mixon RB David Montgomery TE Tanner Hudson WR A.J. Brown WR Rashod Bateman WR Curtis Samuel,,Jalen Reagor,FLEX,0.05%,0
291,4509930038,bigbabyperm (17/20),0,175.22,DST Texans  FLEX Jonnu Smith QB Tua Tagovailoa RB Joe Mixon RB Jahmyr Gibbs TE T.J. Hockenson WR Puka Nacua WR Drake London WR Odell Beckham Jr.,,JaMycal Hasty,FLEX,0.05%,0.2
292,4511358911,319kccrew (2/18),0,175.18001,DST Jets  FLEX Quentin Johnston QB Jared Goff RB Joe Mixon RB Chase Brown TE Mark Andrews WR Amon-Ra St. Brown WR Cedric Tillman WR Devaughn Vele,,Ashton Dulin,WR,0.05%,0
292,4511546626,319kccrew (7/18),0,175.18001,DST Jets  FLEX Quentin Johnston QB Jared Goff RB Joe Mixon RB Chase Brown TE Mark Andrews WR Amon-Ra St. Brown WR Cedric Tillman WR Devaughn Vele,,Hassan Haskins,RB,0.05%,0.1
292,4511554948,319kccrew (11/18),0,175.18001,DST Jets  FLEX Quentin Johnston QB Jared Goff RB Joe Mixon RB Chase Brown TE Mark Andrews WR Amon-Ra St. Brown WR Cedric Tillman WR Devaughn Vele,,Derius Davis,WR,0.05%,3
295,4509896996,BigPaulee75 (1/3),0,175.14,DST Texans  FLEX Mark Andrews QB Patrick Mahomes RB Joe Mixon RB Justice Hill TE Jonnu Smith WR Ja'Marr Chase WR Jauan Jennings WR Rashod Bateman,,Jalen Brooks,FLEX,0.05%,0
296,4510824790,tjwwow21 (5/5),0,175.08,DST Dolphins  FLEX Quentin Johnston QB Jared Goff RB De'Von Achane RB Nick Chubb TE Brock Wright WR Amon-Ra St. Brown WR Courtland Sutton WR Jerry Jeudy,,DJ Turner,WR,0.05%,5.9
296,4512295029,NYGFan56 (3/20),0,175.08,DST Titans  FLEX Hunter Henry QB Drake Maye RB Jahmyr Gibbs RB Chase Brown TE Brock Bowers WR Amon-Ra St. Brown WR George Pickens WR Kayshon Boutte,,Nick Vannett,FLEX,0.03%,1.6
296,4512424597,dcw331,0,175.08,DST Colts  FLEX T.J. Hockenson QB Justin Herbert RB Christian McCaffrey RB Joe Mixon TE Will Dissly WR Amon-Ra St. Brown WR DK Metcalf WR Curtis Samuel,,Clyde Edwards-Helaire,RB,0.03%,0
299,4511547088,lilcharney81 (3/20),0,174.90001,DST Titans  FLEX Chase Brown QB Jameis Winston RB Christian McCaffrey RB Alvin Kamara TE Will Dissly WR Tee Higgins WR Jauan Jennings WR Elijah Moore,,Ben Sinnott,FLEX,0.03%,0
300,4510014080,njmike75 (15/20),0,174.78001,DST Jets  FLEX Zach Ertz QB Jared Goff RB Saquon Barkley RB Nick Chubb TE Hunter Henry WR Puka Nacua WR Jameson Williams WR Amari Cooper,,Stone Smartt,TE,0.03%,0
301,4511199446,StrawMyers (12/20),0,174.68001,DST Jets  FLEX Jahmyr Gibbs QB Justin Herbert RB Bijan Robinson RB Breece Hall TE Will Dissly WR Jameson Williams WR Jerry Jeudy WR Quentin Johnston,,Austin Trammell,FLEX,0.03%,0
301,4511685625,LTCTOM (10/20),0,174.68001,DST Dolphins  FLEX Joe Mixon QB Jared Goff RB Jahmyr Gibbs RB Brian Robinson Jr. TE Jonnu Smith WR Khalil Shakir WR DeAndre Hopkins WR Kayshon Boutte,,Erick All Jr.,FLEX,0.03%,0
301,4511880839,CashMoneyClassic (10/20),0,174.68001,DST Texans  FLEX Will Dissly QB Justin Herbert RB Alvin Kamara RB Joe Mixon TE Hunter Henry WR Ja'Marr Chase WR Khalil Shakir WR Kayshon Boutte,,Mason Rudolph,QB,0.03%,0
301,4512295046,NYGFan56 (20/20),0,174.68001,DST Steelers  FLEX Joe Mixon QB Justin Herbert RB Christian McCaffrey RB David Montgomery TE Will Dissly WR Nico Collins WR Quentin Johnston WR Nick Westbrook-Ikhine,,Irv Smith Jr.,TE,0.03%,0
301,4512655668,DraftTheseKings24-7 (1/2),0,174.68001,DST Vikings  FLEX John Metchie III QB C.J. Stroud RB Saquon Barkley RB Joe Mixon TE Jonnu Smith WR Calvin Ridley WR Quentin Johnston WR Marquez Valdes-Scantling,,Kevin Austin Jr.,WR,0.03%,2.8
306,4512127692,88Bones (10/20),0,174.66,DST Jets  FLEX Kareem Hunt QB Brock Purdy RB Saquon Barkley RB Joe Mixon TE Jonnu Smith WR Jauan Jennings WR Cedric Tillman WR Kayshon Boutte,,Laviska Shenault Jr.,WR,0.03%,0
306,4512127701,88Bones (19/20),0,174.66,DST Jets  FLEX Kareem Hunt QB Brock Purdy RB Saquon Barkley RB Joe Mixon TE Jonnu Smith WR Jauan Jennings WR Cedric Tillman WR Kayshon Boutte,,Cody White,WR,0.03%,0
308,4511150535,lbaxman,0,174.58002,DST Steelers  FLEX Bijan Robinson QB Justin Herbert RB Saquon Barkley RB Audric Estime TE Dawson Knox WR Amon-Ra St. Brown WR Jauan Jennings WR Quentin Johnston,,Troy Hairston,RB,0.02%,0
308,4512339437,mlief (6/20),0,174.58,DST Titans  FLEX Joe Mixon QB Justin Herbert RB Christian McCaffrey RB Chase Brown TE Will Dissly WR George Pickens WR Ladd McConkey WR Curtis Samuel,,Eric Tomlinson,FLEX,0.02%,0
310,4512430612,dwashing65 (10/17),0,174.48,DST Bears  FLEX Joe Mixon QB Bo Nix RB Alvin Kamara RB Audric Estime TE Will Dissly WR Amon-Ra St. Brown WR Khalil Shakir WR Kayshon Boutte,,C.J. Uzomah,FLEX,0.02%,0
310,4512430613,dwashing65 (11/17),0,174.48,DST Titans  FLEX Joe Mixon QB Bo Nix RB Alvin Kamara RB Audric Estime TE Will Dissly WR Amon-Ra St. Brown WR Khalil Shakir WR Kayshon Boutte,,Deuce Vaughn,RB,0.02%,2.7
312,4509865421,jflores319 (1/5),0,174.40001,DST Broncos  FLEX Tee Higgins QB Russell Wilson RB Joe Mixon RB Nick Chubb TE Jonnu Smith WR Nico Collins WR Courtland Sutton WR Nick Westbrook-Ikhine,,Steven Sims,WR,0.02%,0
313,4512138092,gene139p,0,174.38,DST Dolphins  FLEX Jahmyr Gibbs QB Josh Allen RB Saquon Barkley RB Brian Robinson Jr. TE Zach Ertz WR Jauan Jennings WR Rome Odunze WR Curtis Samuel,,Xavier Johnson,WR,0.02%,0
314,4509828035,Djbakerburns (1/2),0,174.36,DST Broncos  FLEX Kyle Pitts QB Brock Purdy RB Joe Mixon RB Alexander Mattison TE Hunter Henry WR Amon-Ra St. Brown WR Jauan Jennings WR Quentin Johnston,,Brady Russell,FLEX,0.02%,0
315,4512314450,sofadrum,0,174.32,DST Packers  FLEX Saquon Barkley QB Tua Tagovailoa RB David Montgomery RB Zach Charbonnet TE Dallas Goedert WR Jameson Williams WR Jerry Jeudy WR Jordan Addison,,Josiah Deguara,TE,0.02%,0
316,4512175719,Ranger175C1 (5/20),0,174.28,DST Broncos  FLEX AJ Barner QB Justin Herbert RB Christian McCaffrey RB De'Von Achane TE David Njoku WR Amon-Ra St. Brown WR Ladd McConkey WR Lil'Jordan Humphrey,,Jake Bobo,WR,0.02%,0
317,4511570639,bpresto5 (1/3),0,174.18001,DST Packers  FLEX Zach Ertz QB Justin Herbert RB Joe Mixon RB David Montgomery TE Dalton Schultz WR George Pickens WR Ladd McConkey WR Courtland Sutton,,Julius Chestnut,FLEX,0.02%,0
318,4511237958,ttalan (2/10),0,174.08,DST Bears  FLEX Jauan Jennings QB Jared Goff RB Kyren Williams RB Joe Mixon TE Jonnu Smith WR Michael Pittman Jr. WR Courtland Sutton WR Rashod Bateman,,Jalen Cropper,FLEX,0.02%,0
319,4511180722,Paura21b (1/10),0,174.04001,DST Texans  FLEX Ricky Pearsall QB Jalen Hurts RB Saquon Barkley RB Joe Mixon TE Dallas Goedert WR Tank Dell WR Nick Westbrook-Ikhine WR KaVontae Turpin,,Tim Jones,FLEX,0.02%,0
320,4510461053,jeh666 (11/20),0,173.98,DST Broncos  FLEX Calvin Ridley QB Bo Nix RB Saquon Barkley RB Joe Mixon TE Tyler Conklin WR Amon-Ra St. Brown WR Jalen Nailor WR Calvin Austin III,,Pierre Strong Jr.,RB,0.02%,0.5
320,4510745002,GENOsMayhem (2/3),0,173.98,DST Texans  FLEX Nick Westbrook-Ikhine QB Bo Nix RB Derrick Henry RB Jahmyr Gibbs TE Mark Andrews WR Courtland Sutton WR Jameson Williams WR Jauan Jennings,,Jha'Quan Jackson,FLEX,0.02%,0
320,4512175716,Ranger175C1 (2/20),0,173.98,DST Broncos  FLEX Audric Estime QB Justin Herbert RB Saquon Barkley RB Jahmyr Gibbs TE Will Dissly WR Deebo Samuel Sr. WR Jaxon Smith-Njigba WR Jauan Jennings,,Jack Stoll,TE,0.02%,0
323,4512295038,NYGFan56 (12/20),0,173.88,DST Dolphins  FLEX David Montgomery QB Justin Herbert RB Jahmyr Gibbs RB De'Von Achane TE Will Dissly WR Puka Nacua WR Ladd McConkey WR Devaughn Vele,,Desmond Ridder,QB,0.02%,0
324,4512505921,mike19831127 (18/20),0,173.8,DST Dolphins  FLEX David Njoku QB Jameis Winston RB De'Von Achane RB Chase Brown TE Hunter Henry WR Drake London WR Tee Higgins WR Jauan Jennings,,Bryce Oliver,WR,0.02%,4.3
325,4509840155,wjs44 (1/4),0,173.74,DST Broncos  FLEX Joe Mixon QB Jalen Hurts RB Saquon Barkley RB De'Von Achane TE Will Dissly WR Jauan Jennings WR Mike Williams WR Odell Beckham Jr.,,Kazmeir Allen,WR,0.02%,0
326,4512376554,SpeedRacer101 (15/20),0,173.58,DST Titans  FLEX Will Dissly QB Justin Herbert RB Kyren Williams RB Joe Mixon TE Zach Ertz WR Ja'Marr Chase WR Ladd McConkey WR Quentin Johnston,,Michael Mayer,TE,0.02%,1.5
327,4511152523,coltsblue12 (3/14),0,173.54001,DST Eagles  FLEX Jonnu Smith QB Jalen Hurts RB Joe Mixon RB Josh Jacobs TE Dallas Goedert WR Courtland Sutton WR Jauan Jennings WR Rashod Bateman,,Brandon Powell,WR,0.02%,2.3
328,4511453834,jkarlovich,0,173.49998,DST Cowboys  FLEX Pat Freiermuth QB Justin Herbert RB Christian McCaffrey RB De'Von Achane TE Taysom Hill WR Puka Nacua WR Jauan Jennings WR Cedric Tillman,,John Bates,TE,0.02%,3.7
329,4510170160,starkzinger (1/16),0,173.48001,DST Texans  FLEX Courtland Sutton QB Justin Herbert RB Joe Mixon RB Nick Chubb TE Will Dissly WR Deebo Samuel Sr. WR Ladd McConkey WR Jameson Williams,,Jamaal Williams,RB,0.02%,0
329,4511880842,CashMoneyClassic (13/20),0,173.48,DST Texans  FLEX Alvin Kamara QB Justin Herbert RB Breece Hall RB De'Von Achane TE Will Dissly WR Khalil Shakir WR Courtland Sutton WR Curtis Samuel,,Jeremy Ruckert,FLEX,0.02%,1.6
331,4510177492,Desron10 (3/7),0,173.42,DST Dolphins  FLEX Tyreek Hill QB Tua Tagovailoa RB De'Von Achane RB James Cook TE Jonnu Smith WR Jameson Williams WR Jordan Addison WR Quentin Johnston,,Mitchell Tinsley,FLEX,0.02%,0
332,4512180328,CoryBradley (1/20),0,173.4,DST Dolphins  FLEX Joe Mixon QB Jameis Winston RB De'Von Achane RB Chase Brown TE Mark Andrews WR Jerry Jeudy WR Cedric Tillman WR Elijah Moore,,K.J. Osborn,WR,0.02%,0
333,4512468346,coupfourremf (11/20),0,173.28001,DST Dolphins  FLEX Jameson Williams QB Bo Nix RB Saquon Barkley RB De'Von Achane TE Dallas Goedert WR A.J. Brown WR Nick Westbrook-Ikhine WR Kayshon Boutte,,D.J. Montgomery,WR,0.02%,0
333,4512468347,coupfourremf (12/20),0,173.28001,DST Dolphins  FLEX Jameson Williams QB Bo Nix RB Saquon Barkley RB De'Von Achane TE Dallas Goedert WR A.J. Brown WR Nick Westbrook-Ikhine WR Kayshon Boutte,,Marcus Riley,FLEX,0.02%,0
335,4510119801,bl3rf (2/20),0,173.18001,DST Titans  FLEX Will Dissly QB Justin Herbert RB Christian McCaffrey RB James Cook TE Zach Ertz WR Amon-Ra St. Brown WR Calvin Ridley WR Ladd McConkey,,Allen Lazard,FLEX,0.02%,0
336,4512337236,Izturak6,0,173.14,DST Colts  FLEX Jonnu Smith QB Joe Burrow RB Saquon Barkley RB Jahmyr Gibbs TE Will Dissly WR Ja'Marr Chase WR Rashod Bateman WR Noah Brown,,Isaiah Davis,RB,0.02%,0
336,4510832503,mrmilleruti (2/4),0,173.13998,DST Jaguars  FLEX Nick Westbrook-Ikhine QB Jayden Daniels RB Saquon Barkley RB Joe Mixon TE Zach Ertz WR Terry McLaurin WR Jameson Williams WR Elijah Moore,,Tyler Scott,WR,0.02%,0
338,4512339444,mlief (13/20),0,173.07999,DST Dolphins  FLEX Will Dissly QB Justin Herbert RB Christian McCaffrey RB Josh Jacobs TE Zach Ertz WR Puka Nacua WR Tee Higgins WR DeAndre Hopkins,,Ainias Smith,WR,0.02%,0
339,4510016438,jeh666 (7/20),0,173.02,DST Texans  FLEX Juwan Johnson QB Derek Carr RB Joe Mixon RB Nick Chubb TE Tyler Conklin WR A.J. Brown WR Amon-Ra St. Brown WR Jauan Jennings,,Quintin Morris,TE,0.02%,0
340,4509872854,jflores319 (2/5),0,173,DST Rams  FLEX Nico Collins QB Russell Wilson RB Joe Mixon RB Audric Estime TE Jonnu Smith WR George Pickens WR Tee Higgins WR Nick Westbrook-Ikhine,,Josh Reynolds,WR,0.02%,0
341,4509888483,jflores319 (5/5),0,172.98001,DST Bears  FLEX Kenneth Walker III QB Justin Herbert RB Joe Mixon RB Nick Chubb TE Jonnu Smith WR George Pickens WR Jameson Williams WR Quentin Johnston,,Chris Conley,WR,0.02%,0
341,4512607590,atreat85will (1/4),0,172.98,DST Rams  FLEX Noah Brown QB Cooper Rush RB Tony Pollard RB Javonte Williams TE Taysom Hill WR Amon-Ra St. Brown WR Drake London WR Ladd McConkey,,Kenny Yeboah,FLEX,0.02%,8.1
343,4512571455,dwilliamsmma (1/20),0,172.96,DST Texans  FLEX Joe Mixon QB Brock Purdy RB De'Von Achane RB Chase Brown TE Will Dissly WR Deebo Samuel Sr. WR Jauan Jennings WR Kayshon Boutte,,Chris Rodriguez Jr.,RB,0.02%,0
344,4512452228,Opulence (1/2),0,172.93999,DST Vikings  FLEX Colby Parkinson QB Jalen Hurts RB Saquon Barkley RB Joe Mixon TE Zach Ertz WR DeVonta Smith WR DeMario Douglas WR Nick Westbrook-Ikhine,,Donovan Peoples-Jones,WR,0.02%,0
345,4511797521,thekidrock (2/3),0,172.90001,DST Browns  FLEX Jerry Jeudy QB Russell Wilson RB Joe Mixon RB Austin Ekeler TE Jonnu Smith WR Terry McLaurin WR Ladd McConkey WR Jauan Jennings,,Marcedes Lewis,TE,0.02%,0
346,4511206982,crowswin (1/2),0,172.88,DST Broncos  FLEX Pat Freiermuth QB Jared Goff RB Jahmyr Gibbs RB De'Von Achane TE Hunter Henry WR Amon-Ra St. Brown WR Jauan Jennings WR Ricky Pearsall,,Kimani Vidal,RB,0.02%,0
346,4511216412,crowswin (2/2),0,172.88,DST Broncos  FLEX Pat Freiermuth QB Jared Goff RB Jahmyr Gibbs RB De'Von Achane TE Hunter Henry WR Amon-Ra St. Brown WR Jauan Jennings WR Ricky Pearsall,,Jeff Wilson Jr.,FLEX,0.02%,0
348,4510911932,PhantasyGawd,0,172.78,DST Vikings  FLEX Joe Mixon QB Justin Herbert RB Jahmyr Gibbs RB David Montgomery TE Jonnu Smith WR Romeo Doubs WR Cedric Tillman WR Quentin Johnston,,Tank Bigsby,RB,0.02%,0