name,owner
Ja'Marr Chase,BBFFMikey
Bijan Robinson,Jacklandre95
Justin Jefferson,Tank6364
CeeDee Lamb,cjrip25
Malik Nabers,purplehelmet
Jahmyr Gibbs,KevinTurcot
Saquon Barkley,jgAllDay
Puka Nacua,PickaxeLuke
Nico Collins,AbigDog
Ashton Jeanty,kbw612
Christian McCaffrey,Stevej23
Amon-Ra St. Brown,rhinomau
Drake London,rhinomau
Brian Thomas,Stevej23
Brock Bowers,kbw612
Derrick Henry,AbigDog
De'Von Achane,PickaxeLuke
A.J. Brown,jgAllDay
Ladd McConkey,KevinTurcot
Rashee Rice,purplehelmet
Garrett Wilson,cjrip25
Chase Brown,Tank6364
Trey McBride,Jacklandre95
Jonathan Taylor,BBFFMikey
Tee Higgins,BBFFMikey
Marvin Harrison,Jacklandre95
Bucky Irving,Tank6364
Tyreek Hill,cjrip25
George Kittle,purplehelmet
Jaxon Smith-Njigba,KevinTurcot
Davante Adams,jgAllDay
Lamar Jackson,PickaxeLuke
Josh Jacobs,AbigDog
Terry McLaurin,kbw612
Mike Evans,Stevej23
Josh Allen,rhinomau
Breece Hall,rhinomau
Jayden Daniels,Stevej23
Tetairoa McMillan,kbw612
DJ Moore,AbigDog
Xavier Worthy,PickaxeLuke
Kyren Williams,jgAllDay
James Cook,KevinTurcot
DK Metcalf,purplehelmet
Jalen Hurts,cjrip25
Sam LaPorta,Tank6364
Kenneth Walker,Jacklandre95
Joe Burrow,BBFFMikey
Courtland Sutton,BBFFMikey
DeVonta Smith,Jacklandre95
Patrick Mahomes,Tank6364
