Rank,EntryId,EntryName,TimeRemaining,Points,Lineup,,Player,Roster Position,%Drafted,FPTS
1,5028563615,Blackwell08 (2/5),0,207.14,DST Broncos  FLEX Tyrone Tracy Jr. QB Joe Burrow RB Rhamondre Stevenson RB Jaylen Wright TE Colston Loveland WR Ja'Marr Chase WR Tee Higgins WR Justin Jefferson,,Bijan Robinson,FLEX,49.69%,7.3
2,5026002741,bob1573 (1/2),0,202.80002,DST Broncos  FLEX Dalton Schultz QB Trevor Lawrence RB Rhamondre Stevenson RB Tyrone Tracy Jr. TE Colston Loveland WR Puka Nacua WR Ja'Marr Chase WR Jaylin Noel,,Puka Nacua,WR,28.75%,26
3,5022122084,BrewCrew3906 (13/20),0,198.22,DST Browns  FLEX Colby Parkinson QB Jacoby Brissett RB Rhamondre Stevenson RB Tyrone Tracy Jr. TE Trey McBride WR Puka Nacua WR Michael Wilson WR Darius Slayton,,Michael Wilson,WR,27.32%,20.9
4,5028539403,derweber23 (2/2),0,195.46,DST Browns  FLEX Brenton Strange QB Matthew Stafford RB TreVeyon Henderson RB Tyrone Tracy Jr. TE Colston Loveland WR Puka Nacua WR Michael Wilson WR Jakobi Meyers,,Vikings ,DST,23.80%,11
5,5027854375,eande (13/20),0,194.9,DST Browns  FLEX Jakobi Meyers QB Trevor Lawrence RB Tyrone Tracy Jr. RB Tank Bigsby TE Colston Loveland WR Puka Nacua WR Michael Wilson WR Parker Washington,,Juwan Johnson,TE,21.81%,8.1
6,5027619024,seebrown09 (10/20),0,194,DST Broncos  FLEX Rhamondre Stevenson QB Trevor Lawrence RB Jonathan Taylor RB Tyrone Tracy Jr. TE Colston Loveland WR Michael Wilson WR Brian Thomas Jr. WR Parker Washington,,Luther Burden III,FLEX,21.09%,7.5
7,5028962617,Lama7557 (2/2),0,193.66,DST Patriots  FLEX Jaydon Blue QB Matthew Stafford RB Rhamondre Stevenson RB Tank Bigsby TE Tyler Higbee WR Puka Nacua WR Michael Wilson WR Parker Washington,,Trevor Lawrence,QB,20.16%,23.3
8,5027640329,F-Man (8/20),0,193.46,DST Bengals  FLEX Colston Loveland QB Tyler Shough RB Rhamondre Stevenson RB Jaydon Blue TE Juwan Johnson WR Puka Nacua WR Amon-Ra St. Brown WR Michael Wilson,,Jahmyr Gibbs,FLEX,19.44%,20.3
9,5027806264,coopsamuels (3/20),0,192.90001,DST Broncos  FLEX Jahmyr Gibbs QB Trevor Lawrence RB Tyrone Tracy Jr. RB Jaydon Blue TE Colston Loveland WR Drake London WR Justin Jefferson WR Parker Washington,,Jaydon Blue,FLEX,18.13%,12.4
10,5027858072,glaucaster (4/20),0,192.44,DST Broncos  FLEX Luther Burden III QB Joe Burrow RB Rhamondre Stevenson RB Tyrone Tracy Jr. TE Colston Loveland WR Ja'Marr Chase WR Tee Higgins WR Jerry Jeudy,,Darius Slayton,WR,17.43%,9.4
11,5027376647,angebia6376 (2/4),0,191.26001,DST Broncos  FLEX Jordan Mason QB Matthew Stafford RB Rhamondre Stevenson RB Tank Bigsby TE Colby Parkinson WR Puka Nacua WR Michael Wilson WR Ryan Flournoy,,Jakobi Meyers,FLEX,16.29%,9.4
12,5025491382,Purplepain777 (2/2),0,190.9,DST Vikings  FLEX Tyrone Tracy Jr. QB Trevor Lawrence RB Chase Brown RB Rhamondre Stevenson TE Juwan Johnson WR Michael Wilson WR Tee Higgins WR Parker Washington,,Parker Washington,WR,16.03%,19.7
13,5027833088,hwrdmcd (6/8),0,190.64,DST Broncos  FLEX Tank Bigsby QB Joe Burrow RB Rhamondre Stevenson RB Ray Davis TE Sal Cannella WR Ja'Marr Chase WR Michael Wilson WR Tee Higgins,,Justin Jefferson,WR,15.50%,21.4
14,5028957810,snouft (2/7),0,189.41998,DST Jaguars  FLEX Tyrone Tracy Jr. QB Jacoby Brissett RB Ashton Jeanty RB Rhamondre Stevenson TE Michael Mayer WR Amon-Ra St. Brown WR Michael Wilson WR Parker Washington,,Travis Etienne Jr.,RB,15.39%,4.8
15,5027332768,rebelplaya (5/5),0,189.19998,DST Texans  FLEX Jaydon Blue QB Trevor Lawrence RB Rhamondre Stevenson RB Tyrone Tracy Jr. TE Brenton Strange WR Puka Nacua WR Tee Higgins WR Jakobi Meyers,,Ja'Marr Chase,WR,14.45%,23.6
16,5027747290,TylerC2 (1/14),0,188.70001,DST Broncos  FLEX Xavier Weaver QB Trevor Lawrence RB TreVeyon Henderson RB Ray Davis TE Colston Loveland WR Puka Nacua WR Amon-Ra St. Brown WR Parker Washington,,Ashton Jeanty,RB,13.84%,12.4
17,5027797687,Ribbonrail (5/8),0,187.95999,DST Jaguars  FLEX Brenton Strange QB Matthew Stafford RB Chase Brown RB Tyrone Tracy Jr. TE Colston Loveland WR Puka Nacua WR Parker Washington WR Darius Slayton,,CeeDee Lamb,WR,13.39%,1.4
18,5021886527,joebsteelers (9/20),0,187.66,DST Chiefs  FLEX Puka Nacua QB Mitchell Trubisky RB Rhamondre Stevenson RB Dylan Sampson TE Colston Loveland WR Ja'Marr Chase WR Justin Jefferson WR Jahan Dotson,,Trey McBride,TE,13.22%,13.5
19,5028805814,zzzuma62 (1/2),0,187.55998,DST Vikings  FLEX Tee Higgins QB Matthew Stafford RB D'Andre Swift RB Rhamondre Stevenson TE Evan Engram WR Puka Nacua WR Justin Jefferson WR Alec Pierce,,Colston Loveland,FLEX,13.11%,25.1
20,5028070242,bhoke0918 (15/20),0,187.5,DST Broncos  FLEX Tyrone Tracy Jr. QB Trevor Lawrence RB Rhamondre Stevenson RB Tank Bigsby TE Hunter Henry WR Puka Nacua WR Jakobi Meyers WR Darius Slayton,,Broncos ,DST,12.97%,21
21,5028672635,apoc024 (2/2),0,187.40001,DST Vikings  FLEX Luther Burden III QB Trevor Lawrence RB Rhamondre Stevenson RB Audric Estime TE Colston Loveland WR Puka Nacua WR Michael Wilson WR Parker Washington,,Hunter Henry,TE,12.88%,10.6
22,5028332036,mute16,0,186.90001,DST Browns  FLEX Justin Jefferson QB Jaxson Dart RB Bijan Robinson RB Rhamondre Stevenson TE Colston Loveland WR Puka Nacua WR Parker Washington WR Kevin Austin Jr.,,Jaxson Dart,QB,12.74%,20.4
23,5028925327,eos2015 (5/5),0,186.8,DST Broncos  FLEX Parker Washington QB Trevor Lawrence RB Rhamondre Stevenson RB Jaydon Blue TE Colby Parkinson WR Ja'Marr Chase WR Justin Jefferson WR Luther Burden III,,Darius Cooper,WR,12.69%,6.3
24,5028848853,RoLina245 (4/4),0,186.31999,DST Browns  FLEX Michael Mayer QB Jacoby Brissett RB Rhamondre Stevenson RB Tyrone Tracy Jr. TE Trey McBride WR Puka Nacua WR Michael Wilson WR Darius Slayton,,Caleb Williams,QB,12.23%,17.58
25,5028714537,NinerNdfan (1/3),0,186.26,DST Texans  FLEX Jahmyr Gibbs QB Matthew Stafford RB Rhamondre Stevenson RB Tyrone Tracy Jr. TE Brenton Strange WR DeVonta Smith WR Justin Jefferson WR Jayden Higgins,,George Pickens,WR,11.74%,1.9
26,5028862754,JLNYR7 (2/2),0,185.80002,DST Vikings  FLEX Colston Loveland QB Jaxson Dart RB Travis Etienne Jr. RB Rhamondre Stevenson TE Colby Parkinson WR Puka Nacua WR Michael Wilson WR Parker Washington,,Greg Dulcich,FLEX,11.72%,6.1
27,5027989772,Azienty (2/2),0,185.37999,DST Chiefs  FLEX Woody Marks QB Caleb Williams RB Chase Brown RB Rhamondre Stevenson TE Brenton Strange WR Ja'Marr Chase WR Parker Washington WR Alec Pierce,,Stefon Diggs,WR,11.00%,7.3
28,5027974815,huger99 (2/2),0,185,DST Vikings  FLEX Amon-Ra St. Brown QB Jaxson Dart RB Tyrone Tracy Jr. RB Jaydon Blue TE Colston Loveland WR Puka Nacua WR Michael Wilson WR Darius Slayton,,Texans ,DST,10.85%,12
29,5022980078,DSouthKing (10/12),0,184.92,DST Broncos  FLEX Britain Covey QB Jacoby Brissett RB Tyrone Tracy Jr. RB Ray Davis TE Trey McBride WR Amon-Ra St. Brown WR Michael Wilson WR Parker Washington,,Kevin Austin Jr.,WR,10.52%,7.7
30,5028535351,b14moore (19/20),0,184.78,DST Broncos  FLEX Jameson Williams QB Caleb Williams RB Rhamondre Stevenson RB Tyrone Tracy Jr. TE Colston Loveland WR Puka Nacua WR DJ Moore WR Darius Slayton,,Jaylen Wright,FLEX,10.51%,5
31,5025176991,jeffreystone,0,184.44002,DST Texans  FLEX Tank Bigsby QB Drake Maye RB Rhamondre Stevenson RB Tyrone Tracy Jr. TE Colston Loveland WR Puka Nacua WR Luther Burden III WR Jayden Higgins,,Drake Maye,QB,10.15%,15.74
32,5023013969,jme2sj (2/5),0,184.4,DST Patriots  FLEX Amon-Ra St. Brown QB Trevor Lawrence RB Rhamondre Stevenson RB Tank Bigsby TE Brenton Strange WR Michael Wilson WR Luther Burden III WR Parker Washington,,James Cook III,RB,10.14%,1.5
33,5027678183,vikesfan218 (10/11),0,184.36,DST Saints  FLEX Jaydon Blue QB Tyler Shough RB Rhamondre Stevenson RB Dylan Sampson TE Colston Loveland WR Ja'Marr Chase WR Amon-Ra St. Brown WR Michael Wilson,,TreVeyon Henderson,RB,10.14%,17.3
34,5021544344,lman66,0,184.32,DST Browns  FLEX Hunter Henry QB Jacoby Brissett RB Rhamondre Stevenson RB Tyrone Tracy Jr. TE Trey McBride WR Puka Nacua WR Michael Wilson WR Efton Chism III,,Courtland Sutton,WR,10.02%,1.5
35,5028656703,theedeazz (2/5),0,184,DST Patriots  FLEX Stefon Diggs QB Trevor Lawrence RB Rhamondre Stevenson RB Tyrone Tracy Jr. TE Brenton Strange WR Jameson Williams WR Michael Wilson WR Parker Washington,,Jahan Dotson,WR,9.93%,7
36,5028092854,bgeezas400 (15/20),0,183.56,DST Texans  FLEX Jahan Dotson QB Matthew Stafford RB Tyrone Tracy Jr. RB Tank Bigsby TE Tyler Higbee WR Puka Nacua WR Michael Wilson WR Justin Jefferson,,Jordan Mason,RB,9.89%,9.4
37,5028844710,Bradymobile28 (3/5),0,183.51999,DST Browns  FLEX Tee Higgins QB Jacoby Brissett RB TreVeyon Henderson RB Tyrone Tracy Jr. TE Dawson Knox WR Puka Nacua WR Michael Wilson WR Parker Washington,,RJ Harvey,RB,9.42%,4.3
38,5028616744,jcon381 (1/2),0,183.38,DST Browns  FLEX Rhamondre Stevenson QB Caleb Williams RB Chase Brown RB Ashton Jeanty TE Colston Loveland WR Drake London WR A.J. Brown WR Alec Pierce,,Chase Brown,RB,8.81%,19
39,5027222649,mciama2000 (8/20),0,183.3,DST Broncos  FLEX Michael Wilson QB Trevor Lawrence RB Ray Davis RB Jaydon Blue TE Greg Dulcich WR Ja'Marr Chase WR Amon-Ra St. Brown WR Parker Washington,,Bills ,DST,8.37%,5
40,5023063856,hooonason711 (1/13),0,183.26,DST Broncos  FLEX Justin Jefferson QB Tyler Shough RB Ashton Jeanty RB Rhamondre Stevenson TE Juwan Johnson WR Michael Wilson WR Tee Higgins WR Parker Washington,,Jayden Higgins,WR,8.15%,10.3
41,5027889439,pukens (17/20),0,183.14,DST Vikings  FLEX Colston Loveland QB Jared Goff RB Rhamondre Stevenson RB Jaylen Wright TE Brenton Strange WR Puka Nacua WR Amon-Ra St. Brown WR Jameson Williams,,Tyrone Tracy Jr.,RB,7.75%,31.9
42,5028558573,mikeygoodlife (2/5),0,183.09999,DST Patriots  FLEX Jackson Hawes QB Jaxson Dart RB Rhamondre Stevenson RB Ray Davis TE Hunter Henry WR Ja'Marr Chase WR Amon-Ra St. Brown WR Michael Wilson,,Jameson Williams,WR,7.47%,13.4
43,5025102213,spundin (13/20),0,183,DST Rams  FLEX Colston Loveland QB Trevor Lawrence RB Chase Brown RB Ray Davis TE Brenton Strange WR Amon-Ra St. Brown WR Justin Jefferson WR Terry McLaurin,,D'Andre Swift,RB,7.43%,5.8
43,5028789179,blastmastersky (2/4),0,183,DST Jaguars  FLEX Colston Loveland QB Trevor Lawrence RB Rhamondre Stevenson RB Devin Singletary TE Dalton Schultz WR Puka Nacua WR Ja'Marr Chase WR Ryan Flournoy,,Dalton Schultz,TE,7.31%,11.3
45,5024909373,jmck017 (20/20),0,182.86,DST Vikings  FLEX Darius Cooper QB Matthew Stafford RB Tyrone Tracy Jr. RB Tank Bigsby TE Tyler Higbee WR Puka Nacua WR Ja'Marr Chase WR Parker Washington,,Rhamondre Stevenson,RB,7.09%,38.3
46,5028368494,malmacs (6/11),0,182.79999,DST Falcons  FLEX Ty Johnson QB Trevor Lawrence RB Woody Marks RB Rhamondre Stevenson TE Brenton Strange WR Puka Nacua WR Michael Wilson WR Parker Washington,,Tank Bigsby,FLEX,6.87%,17.6
47,5028130600,salatso22 (1/20),0,182.68001,DST Broncos  FLEX Jahmyr Gibbs QB Caleb Williams RB Tyrone Tracy Jr. RB Jaydon Blue TE Colston Loveland WR Puka Nacua WR Justin Jefferson WR Jahan Dotson,,Brenton Strange,FLEX,6.34%,17.2
48,5028175012,FKHooligan (14/20),0,182.44,DST Commanders  FLEX Ja'Marr Chase QB Joe Burrow RB Chase Brown RB Rhamondre Stevenson TE Colston Loveland WR Michael Wilson WR Parker Washington WR Kevin Austin Jr.,,Jaguars ,DST,5.85%,13
49,5027939963,ocalairish (2/3),0,182.4,DST Giants  FLEX Parker Washington QB Jaxson Dart RB Rhamondre Stevenson RB Tyrone Tracy Jr. TE Juwan Johnson WR Puka Nacua WR Ja'Marr Chase WR Darius Slayton,,Michael Mayer,TE,5.72%,7.7
49,5028761583,PMFD,0,182.4,DST Falcons  FLEX Puka Nacua QB Trevor Lawrence RB Rhamondre Stevenson RB Tyrone Tracy Jr. TE Dalton Schultz WR Michael Wilson WR Jakobi Meyers WR Jayden Higgins,,Tee Higgins,WR,5.71%,18.7
49,5028856036,Showtime2112,0,182.4,DST Patriots  FLEX Juwan Johnson QB Trevor Lawrence RB Rhamondre Stevenson RB Tyrone Tracy Jr. TE Chig Okonkwo WR Puka Nacua WR Michael Wilson WR Parker Washington,,Chig Okonkwo,TE,5.68%,2.2
52,5028686023,haines1964,0,182.28001,DST Broncos  FLEX Jahmyr Gibbs QB Caleb Williams RB Tyrone Tracy Jr. RB Jaydon Blue TE Colston Loveland WR Jameson Williams WR Michael Wilson WR Parker Washington,,Isaiah Hodgins,FLEX,5.40%,0
53,5020219369,carbomb79 (3/3),0,182.20001,DST Texans  FLEX Rhamondre Stevenson QB Jaxson Dart RB Bijan Robinson RB Tyrone Tracy Jr. TE Colston Loveland WR Puka Nacua WR Darius Slayton WR Ryan Flournoy,,Dak Prescott,QB,5.36%,1.7
54,5027334742,ki_lou,0,182.06001,DST Chiefs  FLEX Luther Burden III QB Matthew Stafford RB Rhamondre Stevenson RB Jaydon Blue TE Colby Parkinson WR Puka Nacua WR Michael Wilson WR Parker Washington,,DJ Moore,WR,5.29%,2.1
55,5021901982,Jodi13 (1/2),0,181.98001,DST Jaguars  FLEX Jacory Croskey-Merritt QB Caleb Williams RB Rhamondre Stevenson RB Tyrone Tracy Jr. TE Colston Loveland WR Puka Nacua WR Luther Burden III WR Parker Washington,,Amon-Ra St. Brown,WR,5.28%,27.9
56,5027115722,4verpack (2/5),0,181.87999,DST Browns  FLEX Michael Wilson QB Caleb Williams RB Rhamondre Stevenson RB Tyrone Tracy Jr. TE Mike Gesicki WR Puka Nacua WR Courtland Sutton WR Justin Jefferson,,Tyler Shough,QB,5.19%,22.76
57,5028175004,FKHooligan (6/20),0,181.76001,DST Broncos  FLEX Bijan Robinson QB Tyler Shough RB Chase Brown RB Rhamondre Stevenson TE Colston Loveland WR Michael Wilson WR Parker Washington WR Kevin Austin Jr.,,Matthew Stafford,QB,4.94%,26.66
58,5028879906,Punzie (6/6),0,181.70001,DST Broncos  FLEX Jahmyr Gibbs QB Trevor Lawrence RB Tank Bigsby RB Jaydon Blue TE Colston Loveland WR Michael Wilson WR Justin Jefferson WR Parker Washington,,Tanner McKee,QB,4.90%,12.94
59,5022468584,fssusino (1/2),0,181.66,DST Patriots  FLEX Dylan Sampson QB Matthew Stafford RB Rhamondre Stevenson RB Tyrone Tracy Jr. TE Dawson Knox WR Puka Nacua WR Parker Washington WR Jayden Higgins,,Falcons ,DST,4.79%,11
60,5026215372,ober44,0,181.59999,DST Bengals  FLEX Michael Wilson QB Jaxson Dart RB Rhamondre Stevenson RB Tank Bigsby TE Michael Mayer WR Ja'Marr Chase WR Justin Jefferson WR Parker Washington,,Brian Thomas Jr.,WR,4.59%,7.9
61,5028619832,tx_player (4/5),0,181.58002,DST Jaguars  FLEX Colby Parkinson QB Caleb Williams RB Jahmyr Gibbs RB Tyrone Tracy Jr. TE Colston Loveland WR Amon-Ra St. Brown WR Tee Higgins WR Luther Burden III,,Jerry Jeudy,WR,4.52%,4.2
61,5029011649,rivfamily,0,181.58,DST Raiders  FLEX RJ Harvey QB Caleb Williams RB Chase Brown RB Rhamondre Stevenson TE Colston Loveland WR Michael Wilson WR Tee Higgins WR Parker Washington,,Eagles ,DST,4.28%,4
63,5027164893,FantasyCrusader (19/20),0,181.45999,DST Bills  FLEX Tank Bigsby QB Matthew Stafford RB Tyrone Tracy Jr. RB Ray Davis TE Colby Parkinson WR Puka Nacua WR Michael Wilson WR Tre Tucker,,Dylan Sampson,RB,3.87%,6.4
64,5024539941,barton31 (8/20),0,181.12001,DST Falcons  FLEX Colston Loveland QB Jacoby Brissett RB Jahmyr Gibbs RB Rhamondre Stevenson TE Chig Okonkwo WR Puka Nacua WR Michael Wilson WR Parker Washington,,Kyren Williams,FLEX,3.86%,11.1
64,5024540030,barton31 (9/20),0,181.12001,DST Falcons  FLEX Colston Loveland QB Jacoby Brissett RB Jahmyr Gibbs RB Rhamondre Stevenson TE Chig Okonkwo WR Puka Nacua WR Michael Wilson WR Parker Washington,,Patriots ,DST,3.75%,12
66,5028241626,profjttaylor (6/12),0,181.1,DST Vikings  FLEX Trey McBride QB Jaxson Dart RB Tyrone Tracy Jr. RB Ray Davis TE Colby Parkinson WR Puka Nacua WR Michael Wilson WR Darius Slayton,,Audric Estime,RB,3.63%,15.6
66,5028981572,ctrautman123,0,181.1,DST Bills  FLEX Parker Washington QB Trevor Lawrence RB Rhamondre Stevenson RB Tyrone Tracy Jr. TE Juwan Johnson WR Ja'Marr Chase WR Michael Wilson WR Jayden Higgins,,Jacoby Brissett,QB,3.62%,17.62
68,5026040305,mlief (1/20),0,180.88,DST Broncos  FLEX Colston Loveland QB Caleb Williams RB Jahmyr Gibbs RB Tyrone Tracy Jr. TE Grant Calcaterra WR Puka Nacua WR Justin Jefferson WR Luther Burden III,,Joe Burrow,QB,3.43%,22.14
69,5028107338,SuperBowles2410,0,180.79999,DST Chiefs  FLEX Bijan Robinson QB Trevor Lawrence RB TreVeyon Henderson RB Tyrone Tracy Jr. TE Brenton Strange WR Michael Wilson WR Parker Washington WR Alec Pierce,,Bo Nix,QB,3.21%,10.54
70,5028270256,jabbo123 (2/20),0,180.70001,DST Vikings  FLEX Colston Loveland QB Jaxson Dart RB Jahmyr Gibbs RB Tyrone Tracy Jr. TE Daniel Bellinger WR Puka Nacua WR Amon-Ra St. Brown WR Darius Cooper,,Woody Marks,RB,3.19%,6.8
70,5027742860,PlinyMan78 (10/10),0,180.7,DST Broncos  FLEX Isaiah Hodgins QB Trevor Lawrence RB Jahmyr Gibbs RB Rhamondre Stevenson TE Colston Loveland WR Ja'Marr Chase WR Jakobi Meyers WR Parker Washington,,Drake London,WR,3.11%,17.8
72,5024150572,Abailey086 (1/3),0,180.6,DST Saints  FLEX Brenton Strange QB Jaxson Dart RB Chase Brown RB Rhamondre Stevenson TE Colby Parkinson WR Puka Nacua WR Jameson Williams WR Parker Washington,,Saquon Barkley,RB,2.70%,0
73,5028156772,PR1DEofCUCAMONGA,0,180.1,DST Eagles  FLEX Colby Parkinson QB Trevor Lawrence RB Kyren Williams RB Rhamondre Stevenson TE Brenton Strange WR Puka Nacua WR Michael Wilson WR Parker Washington,,Colts ,DST,2.67%,-1
74,5028396344,DaMiKe2d (16/20),0,180.04001,DST Bills  FLEX Tyrone Tracy Jr. QB Jared Goff RB Jahmyr Gibbs RB Rhamondre Stevenson TE Colby Parkinson WR Amon-Ra St. Brown WR Luther Burden III WR Jayden Higgins,,Daniel Bellinger,TE,2.61%,11.8
75,5022122087,BrewCrew3906 (16/20),0,179.86,DST Packers  FLEX Darius Slayton QB Matthew Stafford RB Rhamondre Stevenson RB Tyrone Tracy Jr. TE Colby Parkinson WR Puka Nacua WR Michael Wilson WR DJ Moore,,Chiefs ,DST,2.60%,11
76,5028222360,abiggs111 (20/20),0,179.84,DST Broncos  FLEX Jameson Williams QB Joe Burrow RB Tyrone Tracy Jr. RB Ray Davis TE Dalton Schultz WR Ja'Marr Chase WR Tee Higgins WR Darius Slayton,,Commanders ,DST,2.59%,6
77,5027640029,cly88,0,179.68,DST Texans  FLEX Brenton Strange QB Caleb Williams RB Rhamondre Stevenson RB Jaydon Blue TE Colston Loveland WR Puka Nacua WR Ja'Marr Chase WR Luther Burden III,,Travis Kelce,TE,2.57%,4.2
78,5028968634,CoolBreeze22 (9/11),0,179.62,DST Vikings  FLEX Dante Pettis QB Jacoby Brissett RB Rhamondre Stevenson RB Tyrone Tracy Jr. TE Trey McBride WR Puka Nacua WR Michael Wilson WR Darius Slayton,,Isaac TeSlaa,WR,2.54%,2.8
79,5028458493,cnriagu (8/20),0,179.48001,DST Broncos  FLEX Michael Wilson QB Caleb Williams RB Tyrone Tracy Jr. RB Jaydon Blue TE Colston Loveland WR Ja'Marr Chase WR Stefon Diggs WR Parker Washington,,Bengals ,DST,2.45%,12
80,5028092851,bgeezas400 (12/20),0,179.46,DST Falcons  FLEX Michael Wilson QB Matthew Stafford RB TreVeyon Henderson RB Tyrone Tracy Jr. TE Tyler Higbee WR Puka Nacua WR Justin Jefferson WR Jerry Jeudy,,Colby Parkinson,TE,2.45%,19.6
80,5028416018,pooper82,0,179.46,DST Texans  FLEX Xavier Smith QB Matthew Stafford RB Tyrone Tracy Jr. RB Ray Davis TE Hunter Henry WR Puka Nacua WR Michael Wilson WR Justin Jefferson,,Tony Pollard,RB,2.44%,9.5
82,5028776797,Besnyder (5/6),0,179.44,DST Vikings  FLEX Rhamondre Stevenson QB Joe Burrow RB Tyrone Tracy Jr. RB Dylan Sampson TE Tyler Higbee WR Ja'Marr Chase WR Stefon Diggs WR Tee Higgins,,Emanuel Wilson,RB,2.41%,5.8
83,5028896533,bosascf (18/19),0,179.34001,DST Chargers  FLEX Darius Cooper QB Tanner McKee RB Tyrone Tracy Jr. RB Tank Bigsby TE Colston Loveland WR Puka Nacua WR Ja'Marr Chase WR Amon-Ra St. Brown,,Dante Pettis,WR,2.40%,11
84,5028158089,gatorrick (1/5),0,179.26001,DST Vikings  FLEX Jaydon Blue QB Matthew Stafford RB Tyrone Tracy Jr. RB Jordan Mason TE Colby Parkinson WR Puka Nacua WR Michael Wilson WR Justin Jefferson,,Deebo Samuel Sr.,WR,2.40%,4.1
84,5022449474,jsandersdk (1/4),0,179.26,DST Browns  FLEX Dalton Schultz QB Tyler Shough RB Chase Brown RB Rhamondre Stevenson TE Trey McBride WR Puka Nacua WR Parker Washington WR Kevin Austin Jr.,,Jared Goff,QB,2.37%,19.24
86,5023617815,bambie3,0,179.16,DST Browns  FLEX D'Andre Swift QB Matthew Stafford RB Jahmyr Gibbs RB Rhamondre Stevenson TE Brenton Strange WR Michael Wilson WR Tee Higgins WR Jayden Higgins,,Kyle Pitts Sr.,FLEX,2.28%,11.8
86,5028471547,bruhouse (3/4),0,179.16,DST Broncos  FLEX DJ Moore QB Matthew Stafford RB TreVeyon Henderson RB Tyrone Tracy Jr. TE Colston Loveland WR Puka Nacua WR Parker Washington WR Darius Slayton,,Grant Calcaterra,TE,2.28%,10.1
88,5027623250,heromark (3/16),0,179.06001,DST Texans  FLEX Rhamondre Stevenson QB Matthew Stafford RB Woody Marks RB Tyrone Tracy Jr. TE Colby Parkinson WR Puka Nacua WR Luther Burden III WR Jayden Higgins,,Khalil Shakir,WR,2.25%,0
89,5029004567,Davidb13 (2/2),0,179.04001,DST Raiders  FLEX Darius Slayton QB Jared Goff RB TreVeyon Henderson RB Tyrone Tracy Jr. TE Colston Loveland WR Puka Nacua WR Jameson Williams WR Tee Higgins,,A.J. Brown,FLEX,2.24%,0
90,5028711397,ski2sun,0,178.98001,DST Eagles  FLEX Kyle Pitts Sr. QB Caleb Williams RB Rhamondre Stevenson RB Audric Estime TE Colston Loveland WR Puka Nacua WR Michael Wilson WR Parker Washington,,Raiders ,DST,2.19%,18
91,5028581171,heisman72 (5/20),0,178.86,DST Vikings  FLEX Darius Cooper QB Matthew Stafford RB Tyrone Tracy Jr. RB Jaydon Blue TE Colby Parkinson WR Puka Nacua WR Ja'Marr Chase WR Justin Jefferson,,Jake Ferguson,TE,2.13%,1.5
92,5028762153,bigjeff48,0,178.66,DST Browns  FLEX D'Andre Swift QB Matthew Stafford RB Rhamondre Stevenson RB Tyrone Tracy Jr. TE Colby Parkinson WR Puka Nacua WR Jakobi Meyers WR Quentin Johnston,,Chimere Dike,WR,2.11%,5.7
93,5026695282,hammer58 (14/20),0,178.6,DST Vikings  FLEX Colston Loveland QB Trevor Lawrence RB Chase Brown RB Tank Bigsby TE Brenton Strange WR Amon-Ra St. Brown WR Drake London WR Parker Washington,,DeVonta Smith,WR,2.10%,8.2
93,5028745491,pigskinmaster,0,178.6,DST Jaguars  FLEX Michael Wilson QB Trevor Lawrence RB Rhamondre Stevenson RB Tyrone Tracy Jr. TE Hunter Henry WR Jameson Williams WR Luther Burden III WR Parker Washington,,Josh Allen,QB,2.08%,0
95,5028935807,Chavonna (9/11),0,178.56,DST Bills  FLEX Rhamondre Stevenson QB Matthew Stafford RB Chase Brown RB Tyrone Tracy Jr. TE Colby Parkinson WR Puka Nacua WR Kayshon Boutte WR Kevin Austin Jr.,,C.J. Stroud,QB,2.07%,17.26
96,5027783644,gretzky99_99 (8/10),0,178.44,DST Browns  FLEX Rhamondre Stevenson QB Joe Burrow RB Chase Brown RB Dylan Sampson TE Colston Loveland WR Ja'Marr Chase WR Tee Higgins WR Jerry Jeudy,,Browns ,DST,2.04%,21
97,5028833581,cbjr30 (2/2),0,178.4,DST Broncos  FLEX Rhamondre Stevenson QB Jaxson Dart RB Chase Brown RB Tyrone Tracy Jr. TE Daniel Bellinger WR Ja'Marr Chase WR CeeDee Lamb WR Dante Pettis,,Troy Franklin,WR,2.04%,0
98,5027947806,BinkDogg40 (16/20),0,178.38,DST Vikings  FLEX Luther Burden III QB Caleb Williams RB Tyrone Tracy Jr. RB Jaydon Blue TE Colston Loveland WR Ja'Marr Chase WR Amon-Ra St. Brown WR Justin Jefferson,,Tre Tucker,WR,1.97%,5.4
98,5028232994,mojo227 (10/20),0,178.38,DST Vikings  FLEX Luther Burden III QB Caleb Williams RB Tyrone Tracy Jr. RB Jaydon Blue TE Colston Loveland WR Ja'Marr Chase WR Amon-Ra St. Brown WR Justin Jefferson,,J.J. McCarthy,QB,1.91%,7.98
100,5022085623,plan9tor (1/4),0,178.04001,DST Raiders  FLEX Colston Loveland QB Drake Maye RB TreVeyon Henderson RB Rhamondre Stevenson TE Hunter Henry WR Puka Nacua WR Stefon Diggs WR Parker Washington,,Jonathan Taylor,RB,1.90%,5.9
101,5028637358,Brauner1689 (4/8),0,178.02,DST Bills  FLEX Jaydon Blue QB Jacoby Brissett RB Rhamondre Stevenson RB Tyrone Tracy Jr. TE Trey McBride WR Michael Wilson WR Tee Higgins WR Parker Washington,,Rams ,DST,1.89%,11
102,5025100586,exconvicks,0,177.94,DST Rams  FLEX Rhamondre Stevenson QB Tanner McKee RB Tyrone Tracy Jr. RB Tank Bigsby TE Trey McBride WR Puka Nacua WR Parker Washington WR Jahan Dotson,,Christian Watson,WR,1.74%,0
103,5024865728,tdog813 (17/20),0,177.90001,DST Vikings  FLEX Deebo Samuel Sr. QB Trevor Lawrence RB Rhamondre Stevenson RB Tony Pollard TE Colston Loveland WR Puka Nacua WR Michael Wilson WR Parker Washington,,Jordan Addison,WR,1.70%,1.8
103,5028910163,elwright69 (2/7),0,177.90001,DST Broncos  FLEX TreVeyon Henderson QB Trevor Lawrence RB Chase Brown RB Rhamondre Stevenson TE Juwan Johnson WR Michael Wilson WR Parker Washington WR Jayden Higgins,,Kayshon Boutte,WR,1.70%,4.4
103,5027435665,Jnkns1 (5/20),0,177.9,DST Vikings  FLEX Justin Jefferson QB Trevor Lawrence RB Tyrone Tracy Jr. RB Jaydon Blue TE Dalton Schultz WR Puka Nacua WR Michael Wilson WR Parker Washington,,Ryan Flournoy,WR,1.62%,11.8
106,5028815002,ambridge23,0,177.84,DST Broncos  FLEX Luther Burden III QB Jared Goff RB Rhamondre Stevenson RB Jaydon Blue TE Brenton Strange WR Amon-Ra St. Brown WR Jameson Williams WR Michael Wilson,,Shedeur Sanders,QB,1.59%,6.04
107,5028074430,phsmith8 (8/10),0,177.72,DST Vikings  FLEX Colston Loveland QB Jacoby Brissett RB Rhamondre Stevenson RB Tank Bigsby TE Trey McBride WR Puka Nacua WR Michael Wilson WR Kevin Austin Jr.,,Jacory Croskey-Merritt,RB,1.53%,2.9
108,5028906049,dosmeisters (2/4),0,177.68001,DST Raiders  FLEX Rhamondre Stevenson QB Caleb Williams RB Jahmyr Gibbs RB Ashton Jeanty TE Colston Loveland WR Amon-Ra St. Brown WR Luther Burden III WR Keenan Allen,,Saints ,DST,1.50%,7
109,5028407308,jacksons23 (16/20),0,177.48,DST Texans  FLEX Rhamondre Stevenson QB J.J. McCarthy RB Jahmyr Gibbs RB Tyrone Tracy Jr. TE Juwan Johnson WR Drake London WR Justin Jefferson WR Parker Washington,,Terry McLaurin,WR,1.47%,9.7
110,5028923221,Guida77 (1/2),0,177.18,DST Raiders  FLEX Puka Nacua QB Caleb Williams RB Jahmyr Gibbs RB Rhamondre Stevenson TE Colston Loveland WR Jameson Williams WR Luther Burden III WR Dante Pettis,,Kyle Monangai,RB,1.46%,5.9
111,5022840953,Laferty23 (2/3),0,176.90001,DST Browns  FLEX Jakobi Meyers QB Trevor Lawrence RB Tank Bigsby RB Ray Davis TE Hunter Henry WR Puka Nacua WR Michael Wilson WR Parker Washington,,Nico Collins,WR,1.45%,0
111,5028934487,bigcjay (3/12),0,176.9,DST Jaguars  FLEX Rhamondre Stevenson QB Jaxson Dart RB Tyrone Tracy Jr. RB Devin Singletary TE Kyle Pitts Sr. WR Drake London WR Jameson Williams WR Parker Washington,,Tyler Warren,TE,1.43%,7.6
111,5028942370,bigcjay (5/12),0,176.9,DST Jaguars  FLEX Rhamondre Stevenson QB Jaxson Dart RB Tyrone Tracy Jr. RB Devin Singletary TE Kyle Pitts Sr. WR Drake London WR Jameson Williams WR Parker Washington,,Kareem Hunt,FLEX,1.40%,6.5
114,5024838667,tdog813 (13/20),0,176.86,DST Patriots  FLEX Rhamondre Stevenson QB Matthew Stafford RB Tony Pollard RB Audric Estime TE Colston Loveland WR Puka Nacua WR Michael Wilson WR Isaac TeSlaa,,Bears ,DST,1.29%,6
115,5028483520,chz94pgt (7/20),0,176.78001,DST Broncos  FLEX Amon-Ra St. Brown QB Caleb Williams RB Chase Brown RB Ray Davis TE Colston Loveland WR Michael Wilson WR Luther Burden III WR Darius Slayton,,David Montgomery,RB,1.26%,6.5
116,5025023603,northstar77 (2/7),0,176.76,DST Falcons  FLEX Chig Okonkwo QB Matthew Stafford RB Jahmyr Gibbs RB Rhamondre Stevenson TE Colston Loveland WR Puka Nacua WR Luther Burden III WR Parker Washington,,Packers ,DST,1.25%,5
116,5028413535,bout2sco (1/3),0,176.76,DST Rams  FLEX Kyren Williams QB Matthew Stafford RB Rhamondre Stevenson RB Tyrone Tracy Jr. TE Hunter Henry WR Puka Nacua WR Darius Slayton WR Ryan Flournoy,,Dawson Knox,TE,1.24%,10.4
118,5027808313,bosshogstu (1/3),0,176.73999,DST Broncos  FLEX Rhamondre Stevenson QB Jared Goff RB Emanuel Wilson RB Tyrone Tracy Jr. TE Dalton Schultz WR Amon-Ra St. Brown WR Jameson Williams WR Brian Thomas Jr.,,Jets ,DST,1.16%,-4
119,5027313007,ggriffisgg,0,176.56,DST Texans  FLEX Tee Higgins QB Matthew Stafford RB Rhamondre Stevenson RB Audric Estime TE Colby Parkinson WR Puka Nacua WR Parker Washington WR Troy Franklin,,Quentin Johnston,WR,1.16%,0
119,5027945276,clags22 (11/20),0,176.56,DST Broncos  FLEX Tank Bigsby QB Matthew Stafford RB Tyrone Tracy Jr. RB Jaylen Wright TE Greg Dulcich WR Puka Nacua WR Michael Wilson WR Justin Jefferson,,Keenan Allen,WR,1.14%,10.6
121,5028062764,valleng (2/7),0,176.34001,DST Broncos  FLEX Puka Nacua QB Drake Maye RB Rhamondre Stevenson RB Jaydon Blue TE Colston Loveland WR Michael Wilson WR Luther Burden III WR Darius Slayton,,Chargers ,DST,1.12%,8
121,5028863405,Jay100579,0,176.34001,DST Bills  FLEX Ashton Jeanty QB Josh Johnson RB Jahmyr Gibbs RB Rhamondre Stevenson TE Colston Loveland WR Puka Nacua WR Parker Washington WR Ryan Flournoy,,Jaylin Noel,FLEX,1.12%,2.3
123,5026531596,jasonvan25,0,176.3,DST Raiders  FLEX Rhamondre Stevenson QB Jaxson Dart RB Tyrone Tracy Jr. RB Jaydon Blue TE Trey McBride WR Jameson Williams WR Michael Wilson WR Luther Burden III,,Ray Davis,RB,1.11%,28.4
123,5029011018,ABanks1225 (2/2),0,176.3,DST Broncos  FLEX Luther Burden III QB Jaxson Dart RB Jahmyr Gibbs RB Rhamondre Stevenson TE Colston Loveland WR Jameson Williams WR Michael Wilson WR Darius Slayton,,Christian Kirk,FLEX,1.10%,0.7
125,5027547684,tjames3221 (11/20),0,176.24,DST Vikings  FLEX Colston Loveland QB Joe Burrow RB Jahmyr Gibbs RB Tyrone Tracy Jr. TE Grant Calcaterra WR Ja'Marr Chase WR Amon-Ra St. Brown WR Jerry Jeudy,,Konata Mumpfield,WR,1.06%,0
126,5027896644,AdamShulman (15/20),0,176.12,DST Vikings  FLEX Michael Wilson QB Jacoby Brissett RB Rhamondre Stevenson RB Ray Davis TE Greg Dulcich WR Puka Nacua WR Ja'Marr Chase WR Jerry Jeudy,,Sal Cannella,FLEX,1.04%,0
127,5028021510,krowndj (8/20),0,176,DST Broncos  FLEX Colston Loveland QB Trevor Lawrence RB Kyren Williams RB Jaydon Blue TE Brenton Strange WR Ja'Marr Chase WR Michael Wilson WR Justin Jefferson,,Elic Ayomanor,FLEX,0.99%,8
128,5028021408,Cbuzo86 (3/4),0,175.90001,DST Broncos  FLEX Xavier Smith QB Trevor Lawrence RB Chase Brown RB Rhamondre Stevenson TE Greg Dulcich WR Puka Nacua WR Michael Wilson WR Parker Washington,,Kirk Cousins,QB,0.93%,10.2
129,5027731468,artv,0,175.88,DST Bills  FLEX TreVeyon Henderson QB Caleb Williams RB Tyrone Tracy Jr. RB Jaydon Blue TE Colston Loveland WR Puka Nacua WR Michael Wilson WR Parker Washington,,Hollywood Brown,WR,0.85%,9.4
130,5028173166,HuntLane (1/2),0,175.86002,DST Broncos  FLEX TreVeyon Henderson QB Matthew Stafford RB Tyrone Tracy Jr. RB Jaydon Blue TE Hunter Henry WR Puka Nacua WR Parker Washington WR Jayden Higgins,,Ladd McConkey,WR,0.81%,0
131,5028269782,joshuarbrown44,0,175.8,DST Broncos  FLEX Jordan Mason QB Trevor Lawrence RB Jahmyr Gibbs RB Tyrone Tracy Jr. TE Colston Loveland WR Michael Wilson WR Parker Washington WR Jerry Jeudy,,Malik Washington,WR,0.79%,11.8
131,5028278837,Wmitchell8700,0,175.8,DST Browns  FLEX Rhamondre Stevenson QB Jaxson Dart RB Ashton Jeanty RB Tyrone Tracy Jr. TE Trey McBride WR Justin Jefferson WR Jakobi Meyers WR Luther Burden III,,Giants ,DST,0.74%,5
133,5027652824,Sqbull,0,175.66,DST Broncos  FLEX Luther Burden III QB Matthew Stafford RB Rhamondre Stevenson RB Audric Estime TE Hunter Henry WR Puka Nacua WR Parker Washington WR Jayden Higgins,,Mike Gesicki,TE,0.69%,3.3
133,5028959013,hoov50 (1/2),0,175.66,DST Raiders  FLEX Puka Nacua QB Tyler Shough RB Rhamondre Stevenson RB Audric Estime TE Tyler Warren WR Stefon Diggs WR Tee Higgins WR Justin Jefferson,,Taysom Hill,TE,0.69%,6.2
135,5028105919,pizz2600 (14/20),0,175.58,DST Bengals  FLEX Tank Bigsby QB Caleb Williams RB Tyrone Tracy Jr. RB Jaydon Blue TE Colston Loveland WR Ja'Marr Chase WR Amon-Ra St. Brown WR Luther Burden III,,Oronde Gadsden II,TE,0.68%,4.3
136,5027680280,fatcolumbus (7/8),0,175.50002,DST Broncos  FLEX Tyrone Tracy Jr. QB Jaxson Dart RB Jahmyr Gibbs RB Chris Rodriguez Jr. TE Colby Parkinson WR Amon-Ra St. Brown WR Stefon Diggs WR Ryan Flournoy,,Alec Pierce,WR,0.65%,32.2
137,5028874358,eco8014 (2/2),0,175.48001,DST Jaguars  FLEX Tyrone Tracy Jr. QB Caleb Williams RB James Cook III RB Rhamondre Stevenson TE Colston Loveland WR Michael Wilson WR Luther Burden III WR Parker Washington,,Michael Pittman Jr.,WR,0.63%,3.1
138,5025480176,jreppert (3/3),0,175.45999,DST Patriots  FLEX Michael Wilson QB Matthew Stafford RB Tyrone Tracy Jr. RB Jaydon Blue TE Brenton Strange WR Puka Nacua WR Justin Jefferson WR Jahan Dotson,,KaVontae Turpin,WR,0.62%,0.7
139,5023705505,cnano17 (12/20),0,175.4,DST Patriots  FLEX TreVeyon Henderson QB Jaxson Dart RB Tyrone Tracy Jr. RB Jaydon Blue TE Colston Loveland WR Puka Nacua WR Michael Wilson WR Darius Slayton,,Devin Singletary,RB,0.61%,10.6
139,5028292478,blacccity,0,175.4,DST Cowboys  FLEX Khalil Herbert QB Trevor Lawrence RB Rhamondre Stevenson RB Chris Rodriguez Jr. TE Colby Parkinson WR Puka Nacua WR Michael Wilson WR Justin Jefferson,,Adonai Mitchell,WR,0.59%,0
141,5028168212,jhird809,0,175.38,DST Browns  FLEX Rhamondre Stevenson QB Caleb Williams RB Bijan Robinson RB Woody Marks TE Colston Loveland WR Michael Wilson WR Tee Higgins WR Parker Washington,,Romeo Doubs,WR,0.59%,0
142,5028602415,simpsons35 (1/11),0,175.36,DST Browns  FLEX Jaydon Blue QB Matthew Stafford RB Travis Etienne Jr. RB Rhamondre Stevenson TE Colby Parkinson WR Puka Nacua WR Michael Wilson WR Chimere Dike,,Kyle Williams,FLEX,0.57%,0.5
143,5027358347,oltjpack (18/20),0,175.28001,DST Chiefs  FLEX Puka Nacua QB Caleb Williams RB Jahmyr Gibbs RB Ray Davis TE Colston Loveland WR Michael Wilson WR Parker Washington WR Darius Cooper,,Jalen Hurts,QB,0.57%,0
143,5028193253,jpoppenberg (17/20),0,175.28,DST Broncos  FLEX Ashton Jeanty QB Caleb Williams RB Tyrone Tracy Jr. RB Jaydon Blue TE Colston Loveland WR Puka Nacua WR Justin Jefferson WR Luther Burden III,,Evan Engram,FLEX,0.54%,7.5
145,5027142912,TheKurgan100 (18/20),0,175.09999,DST Vikings  FLEX Rhamondre Stevenson QB Jaxson Dart RB Bijan Robinson RB Tyrone Tracy Jr. TE Daniel Bellinger WR Ja'Marr Chase WR Justin Jefferson WR Darius Slayton,,Josh Oliver,TE,0.52%,4.9
146,5027221907,joebunz33,0,175.04,DST Colts  FLEX Tyrone Tracy Jr. QB Joe Burrow RB Rhamondre Stevenson RB Dylan Sampson TE Trey McBride WR Ja'Marr Chase WR Alec Pierce WR Elic Ayomanor,,Cowboys ,DST,0.50%,5
147,5028224463,hd2189 (4/4),0,175,DST Falcons  FLEX TreVeyon Henderson QB Trevor Lawrence RB Tank Bigsby RB Ty Johnson TE Colby Parkinson WR Puka Nacua WR Michael Wilson WR Parker Washington,,Cam Ward,QB,0.47%,9.18
147,5028479214,SeaHawkstree (2/2),0,175,DST Broncos  FLEX Alec Pierce QB Trevor Lawrence RB James Cook III RB Rhamondre Stevenson TE Hunter Henry WR Michael Wilson WR Luther Burden III WR Parker Washington,,Tyler Allgeier,FLEX,0.46%,2.9
149,5020525283,Trussll2 (1/2),0,174.96,DST Saints  FLEX Jayden Reed QB Matthew Stafford RB RJ Harvey RB Rhamondre Stevenson TE Colby Parkinson WR Puka Nacua WR Michael Wilson WR Alec Pierce,,Ty Johnson,FLEX,0.45%,19.6
150,5027522481,JustDraftMe (9/20),0,174.94,DST Vikings  FLEX Luther Burden III QB Jared Goff RB Rhamondre Stevenson RB Tyrone Tracy Jr. TE Greg Dulcich WR Ja'Marr Chase WR Amon-Ra St. Brown WR Jakobi Meyers,,Chris Oladokun,QB,0.45%,0.32
151,5028164057,kdunc (19/20),0,174.88,DST Broncos  FLEX Jahmyr Gibbs QB Caleb Williams RB TreVeyon Henderson RB Tyrone Tracy Jr. TE Colston Loveland WR Amon-Ra St. Brown WR Luther Burden III WR Darius Cooper,,Trey Lance,QB,0.42%,10.34
152,5028630032,firelee277 (4/9),0,174.86,DST Rams  FLEX Rhamondre Stevenson QB Matthew Stafford RB Kyren Williams RB D'Andre Swift TE Colby Parkinson WR Puka Nacua WR Alec Pierce WR Jerry Jeudy,,Titans ,DST,0.42%,-2
153,5028228428,pietro1240 (9/20),0,174.8,DST Browns  FLEX Dalton Schultz QB Trevor Lawrence RB Bijan Robinson RB D'Andre Swift TE Colston Loveland WR Amon-Ra St. Brown WR Michael Wilson WR Alec Pierce,,Pat Bryant,WR,0.41%,7.1
153,5028208986,jblewis76 (6/7),0,174.79999,DST Vikings  FLEX Rhamondre Stevenson QB Trevor Lawrence RB Tank Bigsby RB Ty Johnson TE Hunter Henry WR Ja'Marr Chase WR Justin Jefferson WR Jakobi Meyers,,Matthew Golden,WR,0.40%,1.8
155,5027577108,CaliBadger (7/15),0,174.78,DST Vikings  FLEX Ray Davis QB Caleb Williams RB Jahmyr Gibbs RB TreVeyon Henderson TE Colston Loveland WR Amon-Ra St. Brown WR Luther Burden III WR Parker Washington,,Olamide Zaccheaus,FLEX,0.39%,0
155,5028255845,Kevliggidy (2/3),0,174.78,DST Colts  FLEX Tyrone Tracy Jr. QB Caleb Williams RB TreVeyon Henderson RB Audric Estime TE Colston Loveland WR Puka Nacua WR Michael Wilson WR Justin Jefferson,,Jayden Reed,WR,0.38%,0
157,5027698013,WyseGuy037 (3/4),0,174.76001,DST Vikings  FLEX Parker Washington QB Matthew Stafford RB Rhamondre Stevenson RB Devin Singletary TE Colby Parkinson WR Puka Nacua WR Courtland Sutton WR Justin Jefferson,,Kene Nwangwu,RB,0.38%,1.8
158,5028699454,jjhspin (6/6),0,174.74,DST Vikings  FLEX Ty Johnson QB Joe Burrow RB Jahmyr Gibbs RB Rhamondre Stevenson TE Colston Loveland WR Ja'Marr Chase WR Kayshon Boutte WR Jayden Higgins,,Dolphins ,DST,0.38%,-2
159,5021870170,GatorDolphin (2/5),0,174.7,DST Broncos  FLEX Rhamondre Stevenson QB Jaxson Dart RB Bijan Robinson RB Tyrone Tracy Jr. TE Michael Mayer WR Michael Wilson WR Luther Burden III WR Parker Washington,,Khalil Herbert,RB,0.35%,5.6
160,5028957629,MUwarriors91 (2/5),0,174.6,DST Raiders  FLEX Michael Wilson QB Trevor Lawrence RB Tank Bigsby RB Jaydon Blue TE Colston Loveland WR Puka Nacua WR Ja'Marr Chase WR Kevin Austin Jr.,,Jawhar Jordan,FLEX,0.35%,0.3
161,5027940443,jamieu25 (4/20),0,174.56,DST Raiders  FLEX Rhamondre Stevenson QB Matthew Stafford RB Devin Singletary RB Jaydon Blue TE Trey McBride WR Puka Nacua WR Justin Jefferson WR Kevin Austin Jr.,,Michael Carter,RB,0.35%,6.9
162,5028700319,ppppzl (15/19),0,174.54001,DST Broncos  FLEX Ray Davis QB Tanner McKee RB Chase Brown RB Tyrone Tracy Jr. TE Juwan Johnson WR Puka Nacua WR Michael Wilson WR Darius Cooper,,Josh Jacobs,RB,0.35%,0
163,5024190928,tcrider323 (2/6),0,174.48,DST Chargers  FLEX Puka Nacua QB Caleb Williams RB Jahmyr Gibbs RB Rhamondre Stevenson TE Colby Parkinson WR DeVonta Smith WR Justin Jefferson WR Gabe Davis,,Brashard Smith,FLEX,0.34%,7.8
164,5025716215,mullhouse (1/5),0,174.40001,DST Broncos  FLEX Colston Loveland QB Trevor Lawrence RB Jahmyr Gibbs RB Jaydon Blue TE Brenton Strange WR Puka Nacua WR Jakobi Meyers WR Parker Washington,,Cole Kmet,FLEX,0.32%,5.6
164,5026612241,pigpen74 (7/20),0,174.40001,DST Broncos  FLEX Colston Loveland QB Trevor Lawrence RB Jahmyr Gibbs RB Jaydon Blue TE Brenton Strange WR Puka Nacua WR Jakobi Meyers WR Parker Washington,,Xavier Hutchinson,WR,0.32%,13.4
164,5028849547,bumpermoyer (16/20),0,174.40001,DST Vikings  FLEX Colston Loveland QB Jaxson Dart RB Tyrone Tracy Jr. RB Jordan Mason TE Greg Dulcich WR Puka Nacua WR Ja'Marr Chase WR Michael Wilson,,Marvin Mims Jr.,FLEX,0.31%,3
167,5028565201,Lilbow (9/20),0,174.36002,DST Broncos  FLEX Puka Nacua QB Matthew Stafford RB D'Andre Swift RB Tyrone Tracy Jr. TE Colston Loveland WR Brian Thomas Jr. WR Parker Washington WR Jayden Higgins,,Chris Rodriguez Jr.,RB,0.31%,15.3
168,5023034974,siyu798 (10/20),0,174.26001,DST Broncos  FLEX Kyren Williams QB Matthew Stafford RB Tyrone Tracy Jr. RB Jaydon Blue TE Colby Parkinson WR Puka Nacua WR Justin Jefferson WR Jerry Jeudy,,Theo Wease Jr.,WR,0.30%,7.4
168,5028868784,kenneth876 (2/3),0,174.26001,DST Bengals  FLEX Rhamondre Stevenson QB Matthew Stafford RB Tyrone Tracy Jr. RB Jaylen Wright TE Colby Parkinson WR Puka Nacua WR Stefon Diggs WR Luther Burden III,,Will Shipley,RB,0.28%,3.3
168,5028444059,ermart92 (3/5),0,174.26,DST Texans  FLEX David Montgomery QB Matthew Stafford RB Rhamondre Stevenson RB Ray Davis TE Greg Dulcich WR Puka Nacua WR Michael Wilson WR Jakobi Meyers,,Tyler Higbee,TE,0.27%,20.1
168,5028906676,DannyBuhD (2/2),0,174.26,DST Texans  FLEX David Montgomery QB Matthew Stafford RB Rhamondre Stevenson RB Ray Davis TE Greg Dulcich WR Puka Nacua WR Michael Wilson WR Jakobi Meyers,,Josh Downs,WR,0.26%,9.6
172,5028931881,Rich1130 (2/7),0,174.22,DST Vikings  FLEX Colston Loveland QB Jacoby Brissett RB Rhamondre Stevenson RB Jaydon Blue TE Trey McBride WR Puka Nacua WR Michael Wilson WR Darius Slayton,,Mitchell Trubisky,QB,0.25%,28.86
173,5027240543,Damonri (16/20),0,174.20001,DST Broncos  FLEX Tank Bigsby QB Trevor Lawrence RB Kareem Hunt RB Jaydon Blue TE Colston Loveland WR Puka Nacua WR Michael Wilson WR Justin Jefferson,,Brandin Cooks,FLEX,0.24%,0
174,5027233638,dannygsf2001 (3/13),0,174.16,DST Rams  FLEX Jayden Reed QB Matthew Stafford RB Rhamondre Stevenson RB David Montgomery TE Colston Loveland WR Puka Nacua WR Michael Wilson WR Parker Washington,,David Sills V,WR,0.24%,2.1
175,5028636409,Mozwanted,0,174.06001,DST Bills  FLEX Dylan Sampson QB Matthew Stafford RB Tyrone Tracy Jr. RB Jaydon Blue TE Colston Loveland WR Puka Nacua WR Michael Wilson WR Parker Washington,,Xavier Smith,WR,0.24%,1.6
176,5028020664,TheBestTeamHB (5/7),0,174.04,DST Vikings  FLEX Luther Burden III QB Joe Burrow RB Rhamondre Stevenson RB Tyrone Tracy Jr. TE Sal Cannella WR Ja'Marr Chase WR Michael Wilson WR Tee Higgins,,Blake Whiteheart,TE,0.24%,0
177,5023427849,danooh,0,174,DST Bills  FLEX Ja'Marr Chase QB Jaxson Dart RB Rhamondre Stevenson RB Tyrone Tracy Jr. TE Hunter Henry WR Jameson Williams WR Justin Jefferson WR Darius Slayton,,Samaje Perine,RB,0.23%,8.2
178,5028903966,GGG88 (2/3),0,173.90001,DST Bills  FLEX Trey McBride QB Jaxson Dart RB Rhamondre Stevenson RB Tyrone Tracy Jr. TE Daniel Bellinger WR Jameson Williams WR Michael Wilson WR Tee Higgins,,Tre' Harris,FLEX,0.22%,4.8
179,5028811270,rms27 (2/3),0,173.88,DST Broncos  FLEX Rhamondre Stevenson QB Caleb Williams RB Chase Brown RB RJ Harvey TE Colston Loveland WR Justin Jefferson WR Luther Burden III WR Parker Washington,,Lions ,DST,0.22%,4
180,5028128131,ZRytlewski (7/8),0,173.80002,DST Raiders  FLEX Colston Loveland QB Trevor Lawrence RB Jahmyr Gibbs RB Jaydon Blue TE Juwan Johnson WR Puka Nacua WR Michael Wilson WR Parker Washington,,DeMario Douglas,WR,0.21%,4.9
181,5026323738,Asdlfef,0,173.78,DST Texans  FLEX Puka Nacua QB Caleb Williams RB Rhamondre Stevenson RB Jaylen Wright TE Colston Loveland WR Michael Wilson WR Justin Jefferson WR Luther Burden III,,Blake Corum,RB,0.21%,7.9
182,5028932421,tbeck40 (1/2),0,173.76001,DST Saints  FLEX Alec Pierce QB Tyler Shough RB Bijan Robinson RB Rhamondre Stevenson TE Dalton Schultz WR Puka Nacua WR Michael Wilson WR Elic Ayomanor,,Cedric Tillman,WR,0.21%,3.3
183,5027543401,Swizurk (6/20),0,173.7,DST Broncos  FLEX Puka Nacua QB Jaxson Dart RB Tyrone Tracy Jr. RB Tank Bigsby TE Daniel Bellinger WR Ja'Marr Chase WR Justin Jefferson WR Isaiah Hodgins,,Darnell Mooney,WR,0.20%,5
183,5027614302,jordanjssrlj (4/6),0,173.7,DST Broncos  FLEX Brenton Strange QB Trevor Lawrence RB Jahmyr Gibbs RB Tyrone Tracy Jr. TE Juwan Johnson WR Ja'Marr Chase WR Michael Wilson WR Theo Wease Jr.,,JuJu Smith-Schuster,WR,0.20%,3.3
185,5028938532,mugwamper,0,173.56001,DST Broncos  FLEX Tee Higgins QB Matthew Stafford RB Kyren Williams RB Tyrone Tracy Jr. TE Colston Loveland WR Puka Nacua WR Jayden Higgins WR Isaac TeSlaa,,Jalen Nailor,WR,0.20%,7.9
185,5022311145,andrewjames1885,0,173.56,DST Falcons  FLEX Drake London QB Matthew Stafford RB Rhamondre Stevenson RB Tyrone Tracy Jr. TE Colston Loveland WR Jameson Williams WR Wan'Dale Robinson WR Jakobi Meyers,,Luke Musgrave,TE,0.19%,0
185,5027795279,georgerichards9 (2/2),0,173.56,DST Raiders  FLEX Tee Higgins QB Matthew Stafford RB Tyrone Tracy Jr. RB Tank Bigsby TE Colston Loveland WR Puka Nacua WR DJ Moore WR Luther Burden III,,Bhayshul Tuten,FLEX,0.19%,8.3
188,5028269707,dragonsbreath562,0,173.5,DST Saints  FLEX Parker Washington QB Trevor Lawrence RB Rhamondre Stevenson RB Tank Bigsby TE Dalton Schultz WR Puka Nacua WR Michael Wilson WR Jakobi Meyers,,Cardinals ,DST,0.18%,-3
189,5028772117,alexnyi (11/14),0,173.45999,DST Raiders  FLEX Amon-Ra St. Brown QB Mitchell Trubisky RB D'Andre Swift RB Tyrone Tracy Jr. TE Trey McBride WR Drake London WR Tee Higgins WR Dante Pettis,,Keon Coleman,WR,0.18%,8.9
190,5028318950,burgine13 (11/20),0,173.36002,DST Texans  FLEX Puka Nacua QB Matthew Stafford RB D'Andre Swift RB Tyrone Tracy Jr. TE Colston Loveland WR Amon-Ra St. Brown WR Jahan Dotson WR Dante Pettis,,Quinn Ewers,QB,0.17%,9.38
191,5027995440,jGiff35 (3/10),0,173.26001,DST Browns  FLEX Michael Wilson QB Matthew Stafford RB Jordan Mason RB Jaydon Blue TE Colby Parkinson WR Puka Nacua WR Amon-Ra St. Brown WR Darius Slayton,,Raheim Sanders,RB,0.17%,4.3
191,5028987937,sunshiner711 (3/3),0,173.26,DST Texans  FLEX Dawson Knox QB Matthew Stafford RB Tyrone Tracy Jr. RB Jaydon Blue TE Colby Parkinson WR Puka Nacua WR Jameson Williams WR Michael Wilson,,Jalen Tolbert,FLEX,0.17%,0
193,5028922388,rkenny26,0,173.23999,DST Vikings  FLEX Parker Washington QB Joe Burrow RB TreVeyon Henderson RB Rhamondre Stevenson TE Dawson Knox WR Ja'Marr Chase WR Justin Jefferson WR Jakobi Meyers,,Phil Mafah,RB,0.17%,10.9
194,5024150574,Abailey086 (3/3),0,173.1,DST Texans  FLEX Brenton Strange QB Trevor Lawrence RB Chase Brown RB Rhamondre Stevenson TE Colby Parkinson WR Jameson Williams WR Michael Wilson WR Jakobi Meyers,,Efton Chism III,WR,0.17%,4.5
194,5024431827,Nosferatu1023 (17/20),0,173.1,DST Raiders  FLEX Amon-Ra St. Brown QB Trevor Lawrence RB Chase Brown RB TreVeyon Henderson TE Colston Loveland WR Jameson Williams WR Parker Washington WR Darius Slayton,,Noah Fant,TE,0.17%,0.5
194,5028965712,kevinb37 (1/2),0,173.1,DST Jaguars  FLEX DeVonta Smith QB Trevor Lawrence RB TreVeyon Henderson RB Rhamondre Stevenson TE Colston Loveland WR Michael Wilson WR Stefon Diggs WR Parker Washington,,Ronnie Rivers,RB,0.16%,0
197,5023403384,Vinnyman42,0,173.06001,DST Texans  FLEX Tee Higgins QB Tyler Shough RB Rhamondre Stevenson RB Tyrone Tracy Jr. TE Colston Loveland WR George Pickens WR Michael Wilson WR Courtland Sutton,,Britain Covey,WR,0.16%,4
198,5020586761,sbrownwi62 (6/20),0,173,DST Broncos  FLEX Puka Nacua QB Jaxson Dart RB Tyrone Tracy Jr. RB Tank Bigsby TE Colston Loveland WR George Pickens WR Parker Washington WR Darius Slayton,,Tyrell Shavers,WR,0.15%,0
199,5028793320,josh5151 (1/8),0,172.94,DST Giants  FLEX Alec Pierce QB Joe Burrow RB TreVeyon Henderson RB Tyrone Tracy Jr. TE Kyle Pitts Sr. WR Drake London WR Jameson Williams WR Justin Jefferson,,Andrei Iosivas,WR,0.15%,3
200,5021899515,Rdraftslayer (1/2),0,172.9,DST Eagles  FLEX Michael Wilson QB Trevor Lawrence RB Chase Brown RB Rhamondre Stevenson TE Colby Parkinson WR Tee Higgins WR Jakobi Meyers WR Parker Washington,,Tutu Atwell,FLEX,0.15%,2.9
201,5027826738,cmacra,0,172.86002,DST Texans  FLEX Greg Dulcich QB Tyler Shough RB Chase Brown RB Rhamondre Stevenson TE Juwan Johnson WR Puka Nacua WR Michael Wilson WR Parker Washington,,Tyjae Spears,RB,0.13%,9.7
202,5028832681,wilso947,0,172.8,DST Broncos  FLEX Chase Brown QB Trevor Lawrence RB Rhamondre Stevenson RB Tank Bigsby TE Colston Loveland WR Stefon Diggs WR Courtland Sutton WR Parker Washington,,Clayton Tune,QB,0.13%,3.66
203,5027901568,Bank_Swish_Maniac (14/20),0,172.76001,DST Broncos  FLEX Greg Dulcich QB Tyler Shough RB Tyrone Tracy Jr. RB Jaydon Blue TE Juwan Johnson WR Puka Nacua WR Ja'Marr Chase WR Michael Wilson,,Dalton Kincaid,FLEX,0.12%,7.8
204,5028415555,bramwell2010 (2/5),0,172.66,DST Vikings  FLEX Rhamondre Stevenson QB Matthew Stafford RB Jaydon Blue RB Jaylen Wright TE Colston Loveland WR Puka Nacua WR Michael Wilson WR Stefon Diggs,,Josh Johnson,QB,0.12%,17.74
205,5028308153,TopShelf561 (2/2),0,172.64001,DST Jaguars  FLEX Hunter Henry QB Joe Burrow RB Chase Brown RB Rhamondre Stevenson TE Colston Loveland WR Ja'Marr Chase WR Keenan Allen WR Jayden Higgins,,Joshua Palmer,WR,0.12%,1.1
205,5027355060,duckzfan (2/4),0,172.64,DST Texans  FLEX Jacory Croskey-Merritt QB Joe Burrow RB Tyrone Tracy Jr. RB Ray Davis TE Colston Loveland WR Ja'Marr Chase WR Tee Higgins WR Brian Thomas Jr.,,Jaret Patterson,RB,0.11%,6.7
207,5023012564,DSouthKing (12/12),0,172.62,DST Bills  FLEX Michael Mayer QB Jacoby Brissett RB Tyrone Tracy Jr. RB Ray Davis TE Trey McBride WR Amon-Ra St. Brown WR Michael Wilson WR Parker Washington,,Ben Sinnott,TE,0.11%,2.3
208,5027785924,Karlitas16 (15/20),0,172.50002,DST Broncos  FLEX Juwan Johnson QB Trevor Lawrence RB Rhamondre Stevenson RB Tyrone Tracy Jr. TE Trey McBride WR Stefon Diggs WR Jakobi Meyers WR Parker Washington,,Isaiah Bond,WR,0.11%,2.7
208,5027854376,eande (14/20),0,172.50002,DST Browns  FLEX Jakobi Meyers QB Trevor Lawrence RB Tony Pollard RB Tank Bigsby TE Colston Loveland WR Puka Nacua WR Michael Wilson WR Parker Washington,,KeAndre Lambert-Smith,FLEX,0.11%,4.4
210,5027419716,katerulez8,0,172.4,DST Patriots  FLEX Bijan Robinson QB Trevor Lawrence RB Rhamondre Stevenson RB Tyrone Tracy Jr. TE Dalton Schultz WR Michael Wilson WR Parker Washington WR Kevin Austin Jr.,,Jordan Love,QB,0.10%,0
211,5028542285,MightyMidget (1/3),0,172.26001,DST Patriots  FLEX Keenan Allen QB Matthew Stafford RB TreVeyon Henderson RB Tyrone Tracy Jr. TE Juwan Johnson WR Puka Nacua WR Luther Burden III WR Alec Pierce,,Austin Hooper,TE,0.10%,1.5
212,5027428607,Kevinsky,0,172.24,DST Chiefs  FLEX Amon-Ra St. Brown QB Jared Goff RB Jahmyr Gibbs RB Ashton Jeanty TE Colston Loveland WR Michael Wilson WR Alec Pierce WR Treylon Burks,,Davis Allen,TE,0.10%,0
212,5028417596,Jeepermanmick (4/4),0,172.24,DST Texans  FLEX Colston Loveland QB Jared Goff RB Bijan Robinson RB Rhamondre Stevenson TE Dalton Schultz WR Puka Nacua WR Justin Jefferson WR Jahdae Walker,,Wan'Dale Robinson,WR,0.09%,0
212,5028780479,bsperry55 (2/2),0,172.23999,DST Broncos  FLEX Chase Brown QB Drake Maye RB Rhamondre Stevenson RB Tank Bigsby TE Hunter Henry WR Michael Wilson WR Parker Washington WR Darius Slayton,,Kimani Vidal,RB,0.09%,2
215,5028068405,chuckiepow (4/20),0,172.16,DST Broncos  FLEX Trey McBride QB Mitchell Trubisky RB Tank Bigsby RB Ray Davis TE Dawson Knox WR Ja'Marr Chase WR Justin Jefferson WR Isaiah Williams,,Hunter Luepke,RB,0.09%,2.6
216,5028731987,mrstevejr9 (8/20),0,172.14,DST Vikings  FLEX Tyrone Tracy Jr. QB Joe Burrow RB Jahmyr Gibbs RB Jaydon Blue TE Colston Loveland WR Ja'Marr Chase WR Tee Higgins WR Jahan Dotson,,Jackson Hawes,FLEX,0.09%,1
217,5028247959,oklahomawalkon (18/20),0,172.12001,DST Vikings  FLEX Rhamondre Stevenson QB Jacoby Brissett RB TreVeyon Henderson RB Jaydon Blue TE Trey McBride WR Michael Wilson WR Justin Jefferson WR Parker Washington,,Ollie Gordon II,RB,0.08%,2.1
218,5028474144,jb34lax (2/2),0,171.94,DST Broncos  FLEX Michael Mayer QB Drake Maye RB Rhamondre Stevenson RB Tyrone Tracy Jr. TE Colby Parkinson WR Puka Nacua WR CeeDee Lamb WR Jayden Higgins,,Riley Leonard,QB,0.08%,23.6
219,5028061624,ljhenry2222 (20/20),0,171.88,DST Vikings  FLEX D'Andre Swift QB Caleb Williams RB Chase Brown RB Rhamondre Stevenson TE Colston Loveland WR Amon-Ra St. Brown WR Luther Burden III WR Parker Washington,,Brenden Bates,TE,0.08%,1.6
220,5027687316,Slam5280 (2/2),0,171.86,DST Vikings  FLEX Tyrone Tracy Jr. QB Matthew Stafford RB Jordan Mason RB Jaylen Wright TE Colby Parkinson WR Puka Nacua WR Michael Wilson WR Justin Jefferson,,Jahdae Walker,WR,0.08%,11.6
221,5028593008,green_revolution,0,171.84,DST Jaguars  FLEX Michael Wilson QB Tanner McKee RB Rhamondre Stevenson RB Tank Bigsby TE Juwan Johnson WR Amon-Ra St. Brown WR Jameson Williams WR Parker Washington,,Lil'Jordan Humphrey,FLEX,0.07%,0
222,5020701082,jayfuknliu,0,171.8,DST Vikings  FLEX Parker Washington QB Jaxson Dart RB RJ Harvey RB Rhamondre Stevenson TE Colston Loveland WR Jameson Williams WR Michael Wilson WR Tee Higgins,,Cedrick Wilson Jr.,WR,0.07%,0
222,5027455421,bhoke0918 (5/20),0,171.8,DST Broncos  FLEX Rhamondre Stevenson QB Jaxson Dart RB Bijan Robinson RB Jahmyr Gibbs TE Colston Loveland WR Parker Washington WR Jayden Higgins WR Darius Slayton,,Noah Gray,FLEX,0.07%,6
222,5027617291,danecoenen2,0,171.8,DST Texans  FLEX Darius Slayton QB Jaxson Dart RB Chase Brown RB Rhamondre Stevenson TE Greg Dulcich WR Puka Nacua WR Michael Wilson WR Parker Washington,,Jaleel McLaughlin,RB,0.07%,6.8
222,5028742684,bscarbrough199 (4/6),0,171.8,DST Eagles  FLEX Michael Wilson QB Trevor Lawrence RB Rhamondre Stevenson RB Jaydon Blue TE Colston Loveland WR Puka Nacua WR DJ Moore WR Parker Washington,,John Metchie III,WR,0.07%,5
222,5028812671,wesbthe1,0,171.79999,DST Broncos  FLEX Jakobi Meyers QB Jaxson Dart RB Rhamondre Stevenson RB Jaylen Wright TE Daniel Bellinger WR Ja'Marr Chase WR Michael Wilson WR Justin Jefferson,,Isaiah Williams,FLEX,0.06%,7.4
227,5028783262,joshua127 (1/2),0,171.78,DST Jaguars  FLEX Jordan Mason QB Caleb Williams RB Jahmyr Gibbs RB Rhamondre Stevenson TE Colston Loveland WR Puka Nacua WR Jayden Higgins WR Ryan Flournoy,,Adam Trautman,FLEX,0.06%,0
228,5024140189,bebecandelaria,0,171.7,DST Saints  FLEX Tee Higgins QB Trevor Lawrence RB Rhamondre Stevenson RB David Montgomery TE Dalton Schultz WR Puka Nacua WR Michael Wilson WR Parker Washington,,Ty Chandler,RB,0.06%,6.4
229,5025275821,707ready (16/20),0,171.56,DST Broncos  FLEX Michael Wilson QB C.J. Stroud RB Travis Etienne Jr. RB TreVeyon Henderson TE Colston Loveland WR Ja'Marr Chase WR Alec Pierce WR Darius Slayton,,Gunner Olszewski,WR,0.06%,21.2
230,5027682423,sgtsteelers (13/15),0,171.52,DST Falcons  FLEX Saquon Barkley QB Jacoby Brissett RB Rhamondre Stevenson RB Tyrone Tracy Jr. TE Greg Dulcich WR Puka Nacua WR Michael Wilson WR Parker Washington,,Dallas Goedert,TE,0.05%,0
231,5028615595,clemasters65 (2/2),0,171.50002,DST Texans  FLEX Justin Jefferson QB Trevor Lawrence RB Travis Etienne Jr. RB Tyrone Tracy Jr. TE Juwan Johnson WR Puka Nacua WR Alec Pierce WR Ryan Flournoy,,Kalif Raymond,WR,0.05%,8.2
231,5028922399,elwright69 (5/7),0,171.50002,DST Broncos  FLEX Tyrone Tracy Jr. QB Trevor Lawrence RB Chase Brown RB TreVeyon Henderson TE Juwan Johnson WR Michael Wilson WR Parker Washington WR Jayden Higgins,,Tyler Lockett,WR,0.05%,1.5
233,5025501799,Thegoldcobra (18/20),0,171.48001,DST Raiders  FLEX Colston Loveland QB Caleb Williams RB Ashton Jeanty RB Tyrone Tracy Jr. TE Hunter Henry WR Puka Nacua WR Ja'Marr Chase WR Darius Cooper,,Luke Schoonmaker,FLEX,0.05%,2.2
234,5027518139,spilyxes (3/7),0,171.40001,DST Giants  FLEX Michael Mayer QB Trevor Lawrence RB Chase Brown RB Rhamondre Stevenson TE Colston Loveland WR Puka Nacua WR Stefon Diggs WR Parker Washington,,Tim Patrick,FLEX,0.05%,1.4
234,5028478196,ksmoove13 (3/5),0,171.40001,DST Browns  FLEX Jahmyr Gibbs QB Trevor Lawrence RB Bijan Robinson RB Rhamondre Stevenson TE Colston Loveland WR Jakobi Meyers WR Parker Washington WR Jahan Dotson,,Justin Herbert,QB,0.05%,0
234,5028560243,LyonCubs (7/20),0,171.4,DST Vikings  FLEX Puka Nacua QB Jaxson Dart RB Jahmyr Gibbs RB Tyrone Tracy Jr. TE Daniel Bellinger WR Michael Wilson WR Justin Jefferson WR Kevin Austin Jr.,,Nick Chubb,RB,0.05%,0
237,5020849810,marcusmsmith1,0,171.2,DST Texans  FLEX Elic Ayomanor QB Trevor Lawrence RB D'Andre Swift RB Rhamondre Stevenson TE Brenton Strange WR Puka Nacua WR Michael Wilson WR Parker Washington,,Emari Demercado,RB,0.05%,6.7
237,5028070508,cristianj15 (1/4),0,171.2,DST Browns  FLEX Jahmyr Gibbs QB Jaxson Dart RB Tyrone Tracy Jr. RB Jaydon Blue TE Trey McBride WR Michael Wilson WR Justin Jefferson WR Darius Slayton,,Javonte Williams,RB,0.04%,0
237,5028070509,cristianj15 (2/4),0,171.2,DST Browns  FLEX Jahmyr Gibbs QB Jaxson Dart RB Tyrone Tracy Jr. RB Jaydon Blue TE Trey McBride WR Michael Wilson WR Justin Jefferson WR Darius Slayton,,Chris Brooks,RB,0.04%,6.1
237,5028070510,cristianj15 (3/4),0,171.2,DST Browns  FLEX Jahmyr Gibbs QB Jaxson Dart RB Tyrone Tracy Jr. RB Jaydon Blue TE Trey McBride WR Michael Wilson WR Justin Jefferson WR Darius Slayton,,Treylon Burks,WR,0.04%,3.2
237,5028070511,cristianj15 (4/4),0,171.2,DST Browns  FLEX Jahmyr Gibbs QB Jaxson Dart RB Tyrone Tracy Jr. RB Jaydon Blue TE Trey McBride WR Michael Wilson WR Justin Jefferson WR Darius Slayton,,Kenny Pickett,QB,0.04%,0.02
242,5028456983,notis122 (12/20),0,171.16,DST Falcons  FLEX Tank Bigsby QB Matthew Stafford RB TreVeyon Henderson RB Jaydon Blue TE Colby Parkinson WR Puka Nacua WR Michael Wilson WR Parker Washington,,Rome Odunze,FLEX,0.04%,0
242,5028696153,luckyduck72 (7/20),0,171.16,DST Broncos  FLEX Puka Nacua QB Matthew Stafford RB Rhamondre Stevenson RB Tyrone Tracy Jr. TE Colby Parkinson WR Courtland Sutton WR Jordan Addison WR Kayshon Boutte,,Chris Olave,WR,0.04%,0
244,5028313823,blibblab (2/2),0,171.13998,DST Eagles  FLEX Rhamondre Stevenson QB Jared Goff RB Jahmyr Gibbs RB Tank Bigsby TE Brenton Strange WR Jameson Williams WR Justin Jefferson WR Parker Washington,,Gabe Davis,WR,0.04%,15.1
245,5027696050,jokingbill (1/10),0,171.1,DST Saints  FLEX Colby Parkinson QB Jaxson Dart RB Audric Estime RB Ray Davis TE Trey McBride WR Puka Nacua WR Michael Wilson WR Parker Washington,,Jack Bech,WR,0.04%,0
245,5028749647,64Corvair,0,171.09999,DST Raiders  FLEX Justin Jefferson QB Kirk Cousins RB Ashton Jeanty RB Rhamondre Stevenson TE Daniel Bellinger WR Puka Nacua WR Ja'Marr Chase WR Darius Slayton,,Elijah Higgins,TE,0.04%,5.8
247,5025634422,gratefuldead23 (1/4),0,171.00002,DST Falcons  FLEX Rhamondre Stevenson QB Jaxson Dart RB RJ Harvey RB TreVeyon Henderson TE Colston Loveland WR Puka Nacua WR Michael Wilson WR Kevin Austin Jr.,,Davante Adams,WR,0.03%,0
247,5028951602,Donny521Mac (19/20),0,171,DST Vikings  FLEX Keenan Allen QB Trevor Lawrence RB Jahmyr Gibbs RB Rhamondre Stevenson TE Colston Loveland WR Puka Nacua WR Jakobi Meyers WR Jahan Dotson,,Isiah Pacheco,RB,0.03%,0
247,5028953856,lhl4jc,0,171,DST Jaguars  FLEX Tyrone Tracy Jr. QB Trevor Lawrence RB Ray Davis RB Jaydon Blue TE Juwan Johnson WR Ja'Marr Chase WR Michael Wilson WR Jakobi Meyers,,Xavier Weaver,FLEX,0.03%,0
250,5028937873,mooreorless93,0,170.90001,DST Texans  FLEX Parker Washington QB Trevor Lawrence RB Chase Brown RB Rhamondre Stevenson TE Colston Loveland WR Stefon Diggs WR Tee Higgins WR Luther Burden III,,Ronnie Bell,FLEX,0.03%,10.3
250,5020696749,gwpeil,0,170.9,DST Texans  FLEX TreVeyon Henderson QB Trevor Lawrence RB Woody Marks RB Rhamondre Stevenson TE Brenton Strange WR Puka Nacua WR Parker Washington WR Jayden Higgins,,Jalen Royals,WR,0.03%,2.4
252,5027879030,sean1173,0,170.86,DST Falcons  FLEX Kevin Austin Jr. QB Matthew Stafford RB Jahmyr Gibbs RB Ray Davis TE Colby Parkinson WR Puka Nacua WR Michael Wilson WR Jayden Higgins,,Cade Stover,TE,0.03%,1.9
253,5020698736,TheVFXDude,0,170.8,DST Bengals  FLEX Jayden Higgins QB Jaxson Dart RB Chase Brown RB Rhamondre Stevenson TE Colston Loveland WR Puka Nacua WR Christian Watson WR Parker Washington,,Hassan Haskins,FLEX,0.03%,0.3
253,5027382528,marley2323 (1/11),0,170.8,DST Vikings  FLEX Amon-Ra St. Brown QB Trevor Lawrence RB TreVeyon Henderson RB Tyrone Tracy Jr. TE Dalton Schultz WR Michael Wilson WR Luther Burden III WR Parker Washington,,Shane Zylstra,TE,0.03%,0
253,5027827221,Jojobooboo (15/20),0,170.8,DST Broncos  FLEX Brenton Strange QB Trevor Lawrence RB Jahmyr Gibbs RB Tyrone Tracy Jr. TE Juwan Johnson WR Michael Wilson WR Tee Higgins WR Jakobi Meyers,,Omarion Hampton,RB,0.03%,0
253,5028921448,Meatman6565,0,170.8,DST Cowboys  FLEX Darius Slayton QB Trevor Lawrence RB Rhamondre Stevenson RB Tank Bigsby TE Hunter Henry WR Puka Nacua WR Michael Wilson WR Parker Washington,,Aaron Jones Sr.,RB,0.03%,0
257,5028864253,mblack412 (11/20),0,170.78,DST Broncos  FLEX Trey McBride QB Caleb Williams RB Ashton Jeanty RB Tyrone Tracy Jr. TE Colston Loveland WR Amon-Ra St. Brown WR Justin Jefferson WR Isaiah Hodgins,,Will Dissly,TE,0.03%,1.6
258,5028484018,tiger2587 (5/7),0,170.76,DST Rams  FLEX Jaylen Wright QB Matthew Stafford RB D'Andre Swift RB Rhamondre Stevenson TE Colby Parkinson WR Puka Nacua WR Tee Higgins WR Parker Washington,,Tanner Hudson,FLEX,0.03%,0
259,5022591420,jclem2115,0,170.74,DST Broncos  FLEX Rhamondre Stevenson QB Bo Nix RB Bijan Robinson RB Tank Bigsby TE Colston Loveland WR Michael Wilson WR Parker Washington WR Jayden Higgins,,Dylan Drummond,FLEX,0.03%,0
260,5023519793,ladyfingers (6/20),0,170.7,DST Patriots  FLEX Audric Estime QB Jaxson Dart RB Rhamondre Stevenson RB Tank Bigsby TE Brenton Strange WR Puka Nacua WR Ja'Marr Chase WR Isaiah Hodgins,,Tyler Badie,RB,0.03%,4.6
260,5027838041,tyhorton4 (2/2),0,170.7,DST Vikings  FLEX TreVeyon Henderson QB Trevor Lawrence RB Tyrone Tracy Jr. RB Jaydon Blue TE Hunter Henry WR Ja'Marr Chase WR Michael Wilson WR Parker Washington,,Albert Okwuegbunam Jr.,TE,0.02%,0
260,5028904982,alexott2017 (5/6),0,170.7,DST Broncos  FLEX Ray Davis QB Trevor Lawrence RB Rhamondre Stevenson RB Jordan Mason TE Trey McBride WR Justin Jefferson WR Luther Burden III WR Brian Thomas Jr.,,Terrance Ferguson,FLEX,0.02%,0
263,5028675226,fat-kid,0,170.66,DST Jaguars  FLEX Puka Nacua QB Tyler Shough RB Tyrone Tracy Jr. RB Jaydon Blue TE Juwan Johnson WR Amon-Ra St. Brown WR Michael Wilson WR Kevin Austin Jr.,,James Proche II,WR,0.02%,1.5
264,5024582352,Kuehn88,0,170.6,DST Jaguars  FLEX Bijan Robinson QB Jaxson Dart RB Rhamondre Stevenson RB Tyrone Tracy Jr. TE Colston Loveland WR Jameson Williams WR Darius Slayton WR Ryan Flournoy,,Mason Tipton,WR,0.02%,0
264,5027425947,rdixon13 (18/20),0,170.59999,DST Vikings  FLEX Kareem Hunt QB Trevor Lawrence RB Chase Brown RB Tyrone Tracy Jr. TE Daniel Bellinger WR Puka Nacua WR Justin Jefferson WR Parker Washington,,Tom Kennedy,FLEX,0.02%,0
266,5027629719,raremind (2/2),0,170.50002,DST Eagles  FLEX Colston Loveland QB Trevor Lawrence RB Chase Brown RB Rhamondre Stevenson TE Juwan Johnson WR Ja'Marr Chase WR Jakobi Meyers WR Parker Washington,,LeQuint Allen Jr.,RB,0.02%,0
267,5027518602,eugey (3/13),0,170.48001,DST Vikings  FLEX Ja'Marr Chase QB Caleb Williams RB Tyrone Tracy Jr. RB Tank Bigsby TE Colston Loveland WR Jameson Williams WR Michael Wilson WR Darius Slayton,,Carter Bradley,QB,0.02%,0
268,5028412583,aligracer (2/2),0,170.46,DST Browns  FLEX Quentin Johnston QB Tyler Shough RB Bijan Robinson RB Rhamondre Stevenson TE Colston Loveland WR Puka Nacua WR Parker Washington WR Jayden Higgins,,J.K. Dobbins,RB,0.02%,0
269,5028432896,BayBaybison (1/4),0,170.44002,DST Colts  FLEX Hunter Henry QB Drake Maye RB Rhamondre Stevenson RB Jaydon Blue TE Colston Loveland WR Puka Nacua WR Ja'Marr Chase WR Parker Washington,,Jared Wiley,TE,0.02%,0
270,5029019794,THE49ERZ (6/7),0,170.40001,DST Falcons  FLEX Tyrone Tracy Jr. QB Trevor Lawrence RB D'Andre Swift RB Rhamondre Stevenson TE Colston Loveland WR George Pickens WR Jameson Williams WR Parker Washington,,Jerome Ford,FLEX,0.02%,0
271,5027370148,cagea65 (12/20),0,170.38,DST Chiefs  FLEX Luther Burden III QB Caleb Williams RB Tyrone Tracy Jr. RB Ray Davis TE Juwan Johnson WR Ja'Marr Chase WR Michael Wilson WR Justin Jefferson,,Dominic Lovett,WR,0.02%,0
271,5028960998,210ballers (2/2),0,170.38,DST Falcons  FLEX Dalton Schultz QB Caleb Williams RB Jahmyr Gibbs RB Tyrone Tracy Jr. TE Colston Loveland WR Amon-Ra St. Brown WR Drake London WR Luther Burden III,,Tucker Fisk,TE,0.02%,0
271,5028636354,cgasparro (2/3),0,170.37999,DST Vikings  FLEX Tank Bigsby QB Caleb Williams RB Jahmyr Gibbs RB Rhamondre Stevenson TE Colston Loveland WR Ja'Marr Chase WR Luther Burden III WR Darius Slayton,,Jaylen Waddle,WR,0.02%,0
274,5021900833,klukstr37 (1/5),0,170.36,DST Jaguars  FLEX Brenton Strange QB Matthew Stafford RB Woody Marks RB Rhamondre Stevenson TE Colby Parkinson WR Puka Nacua WR Jameson Williams WR Darius Slayton,,Brady Cook,QB,0.02%,9.1
274,5028031215,svnetzel (6/20),0,170.36,DST Raiders  FLEX Tyler Higbee QB Tyler Shough RB Ashton Jeanty RB Tyrone Tracy Jr. TE Juwan Johnson WR Puka Nacua WR Ja'Marr Chase WR Luther Burden III,,Brevyn Spann-Ford,FLEX,0.02%,5
276,5022641070,laxcoach,0,170.3,DST Jaguars  FLEX Drew Sample QB Trevor Lawrence RB Travis Etienne Jr. RB Rhamondre Stevenson TE Colby Parkinson WR Puka Nacua WR Michael Wilson WR Parker Washington,,Dare Ogunbowale,RB,0.02%,1.9
276,5027668257,TheHaba (17/20),0,170.3,DST Broncos  FLEX Colston Loveland QB Jaxson Dart RB Jahmyr Gibbs RB Jaydon Blue TE Brenton Strange WR Puka Nacua WR Amon-Ra St. Brown WR Isaiah Hodgins,,Joe Milton III,QB,0.02%,6.22
278,5023713960,PiReZ (10/20),0,170.28,DST Raiders  FLEX Michael Wilson QB Caleb Williams RB D'Andre Swift RB Tyrone Tracy Jr. TE Juwan Johnson WR Amon-Ra St. Brown WR Tee Higgins WR Justin Jefferson,,Ameer Abdullah,RB,0.02%,4.5
278,5027639641,mwravl17 (10/20),0,170.28,DST Vikings  FLEX Rhamondre Stevenson QB Caleb Williams RB Jahmyr Gibbs RB Jacory Croskey-Merritt TE Colston Loveland WR Amon-Ra St. Brown WR Luther Burden III WR Parker Washington,,Charlie Woerner,FLEX,0.01%,0
280,5028139755,jmarquiss (12/15),0,170.22002,DST Texans  FLEX Parker Washington QB Jacoby Brissett RB Rhamondre Stevenson RB Emanuel Wilson TE Colby Parkinson WR Puka Nacua WR Michael Wilson WR Jayden Higgins,,Jeremy Ruckert,FLEX,0.01%,0
281,5028012055,papi_45 (12/20),0,170.18001,DST Patriots  FLEX Colston Loveland QB Caleb Williams RB Jahmyr Gibbs RB Jaylen Wright TE Hunter Henry WR Puka Nacua WR Justin Jefferson WR Alec Pierce,,Chris Moore,FLEX,0.01%,0
282,5028301871,MODMaseey,0,170.16,DST Texans  FLEX Bhayshul Tuten QB Matthew Stafford RB Rhamondre Stevenson RB Jaydon Blue TE Juwan Johnson WR Puka Nacua WR Tee Higgins WR Parker Washington,,Jared Wayne,WR,0.01%,0
283,5027851391,jpc2004 (2/5),0,170.14,DST Browns  FLEX Amon-Ra St. Brown QB Jared Goff RB Jahmyr Gibbs RB Tyrone Tracy Jr. TE Sal Cannella WR Michael Wilson WR Justin Jefferson WR Luther Burden III,,Harold Fannin Jr.,TE,0.01%,0
284,5028308216,HarvickRules,0,170.12001,DST Raiders  FLEX Colby Parkinson QB Jacoby Brissett RB Bijan Robinson RB Rhamondre Stevenson TE Hunter Henry WR Puka Nacua WR Michael Wilson WR Ryan Flournoy,,De'Von Achane,RB,0.01%,0
284,5027253051,knebel68,0,170.12,DST Jaguars  FLEX Ray Davis QB Jacoby Brissett RB Tyrone Tracy Jr. RB Tank Bigsby TE Michael Mayer WR Ja'Marr Chase WR Michael Wilson WR Jakobi Meyers,,D'Ernest Johnson,FLEX,0.01%,1.3
286,5026057872,Nadroj311 (3/20),0,170.06001,DST Falcons  FLEX Puka Nacua QB Matthew Stafford RB Tank Bigsby RB Jaydon Blue TE Colston Loveland WR Ja'Marr Chase WR Justin Jefferson WR Darius Cooper,,Jeremy McNichols,RB,0.01%,2.1
287,5027628907,AwesemoJames (16/20),0,170.04,DST Broncos  FLEX Tank Bigsby QB Jared Goff RB Ashton Jeanty RB Jaydon Blue TE Brenton Strange WR Amon-Ra St. Brown WR Michael Wilson WR Justin Jefferson,,Israel Abanikanda,FLEX,0.01%,0
288,5020711228,texxholdem (2/20),0,170,DST Falcons  FLEX Emanuel Wilson QB Trevor Lawrence RB Chase Brown RB Rhamondre Stevenson TE Hunter Henry WR Michael Wilson WR Justin Jefferson WR Parker Washington,,Anthony Firkser,TE,0.01%,2.2
289,5022049521,buckba (1/10),0,169.9,DST Patriots  FLEX Michael Wilson QB Trevor Lawrence RB TreVeyon Henderson RB Rhamondre Stevenson TE Tyler Warren WR Justin Jefferson WR Jakobi Meyers WR Parker Washington,,Trayveon Williams,RB,0.01%,3
290,5027460408,kevk33 (2/2),0,169.8,DST Jaguars  FLEX Jordan Mason QB Trevor Lawrence RB Chase Brown RB Tyrone Tracy Jr. TE Colston Loveland WR Michael Wilson WR Luther Burden III WR Parker Washington,,Drew Sample,TE,0.01%,4.7
290,5028085614,BaltimoreBomberz (2/2),0,169.8,DST Vikings  FLEX Ryan Flournoy QB Trevor Lawrence RB TreVeyon Henderson RB Rhamondre Stevenson TE Jake Ferguson WR Puka Nacua WR Michael Wilson WR Parker Washington,,Jordan Whittington,WR,0.01%,0
290,5028723009,ryang27 (2/4),0,169.8,DST Texans  FLEX D'Andre Swift QB Trevor Lawrence RB TreVeyon Henderson RB Rhamondre Stevenson TE Colston Loveland WR Puka Nacua WR Parker Washington WR Jaylin Noel,,Josh Whyle,TE,0.01%,1.4
293,5025102201,spundin (1/20),0,169.78,DST Rams  FLEX Luther Burden III QB Caleb Williams RB Rhamondre Stevenson RB Jordan Mason TE Colston Loveland WR Ja'Marr Chase WR Amon-Ra St. Brown WR Darius Slayton,,Dont'e Thornton Jr.,WR,0.01%,0
294,5027501009,DraftGuru87 (16/20),0,169.76001,DST Vikings  FLEX TreVeyon Henderson QB Matthew Stafford RB Tyrone Tracy Jr. RB Jordan Mason TE Colby Parkinson WR Puka Nacua WR Michael Wilson WR Jahan Dotson,,Breece Hall,RB,0.01%,0
295,5027742725,Ranch1966,0,169.7,DST Jaguars  FLEX Ty Johnson QB Trevor Lawrence RB Travis Etienne Jr. RB Rhamondre Stevenson TE Colby Parkinson WR Puka Nacua WR Parker Washington WR Tre Tucker,,Xavier Worthy,WR,0.01%,0
296,5028285229,MACS619 (1/2),0,169.62001,DST Broncos  FLEX Rhamondre Stevenson QB Jacoby Brissett RB Chase Brown RB Saquon Barkley TE Colby Parkinson WR Michael Wilson WR Justin Jefferson WR Ryan Flournoy,,John Bates,TE,0.01%,9.3
297,5020547402,SnoopSketz,0,169.59999,DST Jaguars  FLEX Rhamondre Stevenson QB Trevor Lawrence RB Jahmyr Gibbs RB Jordan Mason TE Brenton Strange WR Michael Wilson WR Luther Burden III WR Parker Washington,,Frank Gore Jr.,RB,0.01%,0
297,5020690497,kevinchilds44 (13/20),0,169.59999,DST Vikings  FLEX Puka Nacua QB Trevor Lawrence RB Tyrone Tracy Jr. RB Tank Bigsby TE Brenton Strange WR Courtland Sutton WR Justin Jefferson WR Parker Washington,,Malik Davis,FLEX,0.01%,0
299,5027641647,sgtsteelers (9/15),0,169.56,DST Falcons  FLEX Dylan Sampson QB Matthew Stafford RB D'Andre Swift RB Rhamondre Stevenson TE Colston Loveland WR Puka Nacua WR Michael Wilson WR Darius Slayton,,Mo Alie-Cox,TE,0.01%,5.2
300,5023781046,beaunan (1/3),0,169.52,DST Browns  FLEX Puka Nacua QB Jacoby Brissett RB D'Andre Swift RB Tyrone Tracy Jr. TE Colston Loveland WR Michael Wilson WR Courtland Sutton WR Parker Washington,,Mitch Tinsley,FLEX,0.01%,0
300,5024329077,Niners650 (1/2),0,169.52,DST Chiefs  FLEX Juwan Johnson QB Jacoby Brissett RB Jahmyr Gibbs RB Tyrone Tracy Jr. TE Trey McBride WR Amon-Ra St. Brown WR Alec Pierce WR Jahan Dotson,,Kylen Granson,FLEX,0.01%,7
302,5027917998,jayboo17 (5/20),0,169.5,DST Broncos  FLEX Ray Davis QB Jaxson Dart RB Jaydon Blue RB Jaylen Wright TE Daniel Bellinger WR Puka Nacua WR Ja'Marr Chase WR Michael Wilson,,Jakob Johnson,TE,0.01%,0
302,5028926920,StrokeTheMurrayWall,0,169.5,DST Broncos  FLEX Jaydon Blue QB Trevor Lawrence RB Bijan Robinson RB Rhamondre Stevenson TE Brenton Strange WR Michael Wilson WR Jakobi Meyers WR Parker Washington,,Nathan Carter,FLEX,0.01%,0
302,5028951613,bromccann (3/3),0,169.5,DST Texans  FLEX Bijan Robinson QB Trevor Lawrence RB Rhamondre Stevenson RB Kareem Hunt TE Colston Loveland WR Amon-Ra St. Brown WR Parker Washington WR Hollywood Brown,,Devin Duvernay,FLEX,0.01%,0
302,5028965560,ryanradloff (2/2),0,169.5,DST Falcons  FLEX TreVeyon Henderson QB Trevor Lawrence RB Jahmyr Gibbs RB Tyrone Tracy Jr. TE Colston Loveland WR Jameson Williams WR Luther Burden III WR Parker Washington,,Michael Bandy,WR,0.01%,0
306,5024123266,kdubya38 (14/20),0,169.44,DST Broncos  FLEX Rhamondre Stevenson QB Drake Maye RB Jonathan Taylor RB Tyrone Tracy Jr. TE Hunter Henry WR Michael Wilson WR Parker Washington WR Tre Tucker,,Xavier Restrepo,WR,0.01%,0
306,5028393458,sbarrows (5/14),0,169.44,DST Broncos  FLEX Alec Pierce QB Joe Burrow RB TreVeyon Henderson RB Jordan Mason TE Colston Loveland WR Ja'Marr Chase WR Tee Higgins WR Romeo Doubs,,A.J. Dillon,FLEX,0.01%,1.3
308,5027349697,relevanthought (12/20),0,169.38,DST Broncos  FLEX Colston Loveland QB Caleb Williams RB Jahmyr Gibbs RB Tyrone Tracy Jr. TE Hunter Henry WR Puka Nacua WR Luther Burden III WR Darius Slayton,,Jeff Wilson Jr.,RB,0.01%,0
309,5022798389,firstborn1974 (3/5),0,169.36,DST Vikings  FLEX D'Andre Swift QB Matthew Stafford RB Rhamondre Stevenson RB Jaydon Blue TE Juwan Johnson WR Puka Nacua WR Justin Jefferson WR Parker Washington,,Carlos Washington Jr.,RB,0.01%,0
310,5027393359,shriyag (3/12),0,169.3,DST Broncos  FLEX Darius Cooper QB Jaxson Dart RB Jahmyr Gibbs RB Tyrone Tracy Jr. TE Greg Dulcich WR Puka Nacua WR Amon-Ra St. Brown WR Darius Slayton,,Malik Willis,QB,0.01%,0
311,5024842063,templerumham (2/6),0,169.2,DST Vikings  FLEX Tyrone Tracy Jr. QB Jaxson Dart RB TreVeyon Henderson RB Jaydon Blue TE Brenton Strange WR Puka Nacua WR Ja'Marr Chase WR Darius Slayton,,Chris Blair,WR,0.01%,0
311,5027947802,BinkDogg40 (12/20),0,169.2,DST Broncos  FLEX Tyrone Tracy Jr. QB Trevor Lawrence RB Tony Pollard RB Jaydon Blue TE Brenton Strange WR Ja'Marr Chase WR Michael Wilson WR Jakobi Meyers,,Max Brosmer,QB,0.01%,1.28
311,5028151798,stevemisslink01 (2/2),0,169.2,DST Texans  FLEX Rhamondre Stevenson QB Trevor Lawrence RB Tank Bigsby RB Jaydon Blue TE Daniel Bellinger WR Puka Nacua WR Ja'Marr Chase WR Jerry Jeudy,,Keleki Latu,FLEX,0.01%,6.1
311,5028198574,edtwandmac (5/17),0,169.2,DST Falcons  FLEX Jahmyr Gibbs QB Trevor Lawrence RB Tank Bigsby RB Ray Davis TE Brenton Strange WR Puka Nacua WR Parker Washington WR Chimere Dike,,Malachi Corley,WR,0.01%,5.8
311,5028742682,bscarbrough199 (2/6),0,169.2,DST Saints  FLEX Jahmyr Gibbs QB Trevor Lawrence RB Chase Brown RB Rhamondre Stevenson TE Dalton Schultz WR Michael Wilson WR Parker Washington WR Darius Slayton,,Jimmy Garoppolo,QB,0.01%,-0.3
316,5028515722,patedog68 (11/13),0,169.14001,DST Jaguars  FLEX Chase Brown QB Jared Goff RB Tyrone Tracy Jr. RB Jaydon Blue TE Colby Parkinson WR Jameson Williams WR Michael Wilson WR Parker Washington,,Jordan Akins,FLEX,0.01%,0
317,5028742303,WhitehorsePK (7/11),0,169.12001,DST Vikings  FLEX RJ Harvey QB Jacoby Brissett RB Rhamondre Stevenson RB Audric Estime TE Colston Loveland WR Puka Nacua WR Michael Wilson WR Jayden Higgins,,Brittain Brown,RB,0.01%,0
318,5026932791,dominicubano25 (12/20),0,169.1,DST Eagles  FLEX Colston Loveland QB Jaxson Dart RB Jahmyr Gibbs RB Tyrone Tracy Jr. TE Grant Calcaterra WR Puka Nacua WR Ja'Marr Chase WR Kevin Austin Jr.,,Elijah Moore,WR,0.01%,0
319,5021312216,LoopyLou13,0,169.06001,DST Falcons  FLEX Brenton Strange QB Matthew Stafford RB Blake Corum RB Rhamondre Stevenson TE Colby Parkinson WR Puka Nacua WR Michael Wilson WR Courtland Sutton,,Aidan O'Connell,QB,0.01%,4.78
320,5025318393,theotherone (1/6),0,169.04001,DST Chiefs  FLEX Luther Burden III QB Tanner McKee RB Jahmyr Gibbs RB Rhamondre Stevenson TE Colston Loveland WR Puka Nacua WR Michael Wilson WR Jahan Dotson,,Casey Washington,WR,0.01%,0
321,5028696544,patrick1231 (1/5),0,168.98001,DST Jaguars  FLEX Colby Parkinson QB Caleb Williams RB D'Andre Swift RB Rhamondre Stevenson TE Juwan Johnson WR Puka Nacua WR Michael Wilson WR Parker Washington,,Nick Westbrook-Ikhine,FLEX,0.01%,0
322,5027354828,jpw658 (1/2),0,168.94,DST Bengals  FLEX Jordan Mason QB Jared Goff RB Jahmyr Gibbs RB Rhamondre Stevenson TE Colston Loveland WR Jameson Williams WR Michael Wilson WR Jayden Higgins,,Evan Hull,FLEX,0.00%,1.1
322,5027652410,Amenrabuck (9/20),0,168.94,DST Texans  FLEX Greg Dulcich QB Joe Burrow RB Tyrone Tracy Jr. RB Tank Bigsby TE Colston Loveland WR Puka Nacua WR Tee Higgins WR Jakobi Meyers,,Justin Watson,FLEX,0.00%,0
324,5022842514,getlow14 (1/3),0,168.9,DST Broncos  FLEX Tyrone Tracy Jr. QB Jaxson Dart RB TreVeyon Henderson RB Jaydon Blue TE Kyle Pitts Sr. WR Puka Nacua WR Tee Higgins WR Darius Slayton,,Stone Smartt,FLEX,0.00%,0
324,5028424537,mysong18,0,168.9,DST Jaguars  FLEX Parker Washington QB Jaxson Dart RB Rhamondre Stevenson RB Devin Singletary TE Hunter Henry WR Puka Nacua WR Michael Wilson WR Darius Slayton,,Malik Heath,WR,0.00%,0
326,5027762178,lancedrake19 (5/8),0,168.88002,DST Patriots  FLEX Trey McBride QB Caleb Williams RB Chase Brown RB Rhamondre Stevenson TE Colston Loveland WR Michael Wilson WR Parker Washington WR Isaac TeSlaa,,Philip Rivers,QB,0.00%,0
326,5028492348,TSmith12615 (5/20),0,168.88,DST Jaguars  FLEX Colston Loveland QB Caleb Williams RB Jahmyr Gibbs RB Tyrone Tracy Jr. TE Greg Dulcich WR Puka Nacua WR Justin Jefferson WR Luther Burden III,,Austin Trammell,WR,0.00%,0
328,5028795760,Thebiebz (3/12),0,168.86002,DST Bengals  FLEX Tee Higgins QB Matthew Stafford RB Chase Brown RB Jaydon Blue TE Colston Loveland WR Amon-Ra St. Brown WR Justin Jefferson WR Chimere Dike,,Joshua Simon,TE,0.00%,0
328,5025836299,dodgerplayer89 (14/20),0,168.86,DST Broncos  FLEX Colby Parkinson QB Matthew Stafford RB Jahmyr Gibbs RB TreVeyon Henderson TE Dalton Schultz WR Ja'Marr Chase WR Justin Jefferson WR Kevin Austin Jr.,,Dameon Pierce,FLEX,0.00%,1
330,5028955415,traunt53 (5/12),0,168.84,DST Vikings  FLEX Michael Wilson QB Joe Burrow RB Tyrone Tracy Jr. RB Tank Bigsby TE Brenden Bates WR Ja'Marr Chase WR Tee Higgins WR Justin Jefferson,,Jalen Cropper,WR,0.00%,0
331,5027358334,oltjpack (5/20),0,168.8,DST Bengals  FLEX Ray Davis QB Jaxson Dart RB Tyrone Tracy Jr. RB Tank Bigsby TE Trey McBride WR Ja'Marr Chase WR Justin Jefferson WR Isaiah Hodgins,,Hunter Long,FLEX,0.00%,0
332,5024904303,ReturnOfBarry,0,168.76001,DST Giants  FLEX Tyrone Tracy Jr. QB Matthew Stafford RB Bijan Robinson RB Rhamondre Stevenson TE Colston Loveland WR Puka Nacua WR Chimere Dike WR Isaac TeSlaa,,Shedrick Jackson,WR,0.00%,2.4
333,5027008241,gamblingman7 (3/10),0,168.74,DST Falcons  FLEX Rhamondre Stevenson QB Drake Maye RB Tyrone Tracy Jr. RB Ty Johnson TE Hunter Henry WR Jameson Williams WR Michael Wilson WR Stefon Diggs,,Jarquez Hunter,RB,0.00%,0
333,5028939181,JoseSloppy,0,168.74,DST Saints  FLEX Isaac TeSlaa QB Jared Goff RB Jahmyr Gibbs RB Ray Davis TE Colston Loveland WR Ja'Marr Chase WR Michael Wilson WR Justin Jefferson,,DeeJay Dallas,FLEX,0.00%,0
335,5023055824,gomory12345670 (1/2),0,168.70001,DST Texans  FLEX Audric Estime QB Jaxson Dart RB Bijan Robinson RB Rhamondre Stevenson TE Colston Loveland WR Michael Wilson WR Jakobi Meyers WR Parker Washington,,Zamir White,RB,0.00%,2
335,5027418989,warrior133 (5/20),0,168.70001,DST Vikings  FLEX Colston Loveland QB Trevor Lawrence RB Chase Brown RB Jaydon Blue TE Dalton Schultz WR Puka Nacua WR Michael Wilson WR Parker Washington,,Alvin Kamara,RB,0.00%,0
335,5027418990,warrior133 (6/20),0,168.70001,DST Vikings  FLEX Colston Loveland QB Trevor Lawrence RB Chase Brown RB Jaydon Blue TE Dalton Schultz WR Puka Nacua WR Michael Wilson WR Parker Washington,,Harrison Bryant,TE,0.00%,0
335,5027692133,Chapdawg9 (10/20),0,168.7,DST Broncos  FLEX Rhamondre Stevenson QB Trevor Lawrence RB Bijan Robinson RB Kyren Williams TE Brenton Strange WR Justin Jefferson WR Parker Washington WR Darius Slayton,,Josh Kelly,FLEX,0.00%,0
335,5028978195,papagoose10 (11/20),0,168.7,DST Browns  FLEX Kyren Williams QB Trevor Lawrence RB Jahmyr Gibbs RB Tyrone Tracy Jr. TE Michael Mayer WR Puka Nacua WR Parker Washington WR Kevin Austin Jr.,,Johnny Mundt,FLEX,0.00%,2.6
340,5024630513,justink38630 (10/20),0,168.68001,DST Bengals  FLEX Jahmyr Gibbs QB Caleb Williams RB Tyrone Tracy Jr. RB Jaylen Wright TE Colston Loveland WR Puka Nacua WR Justin Jefferson WR Darius Slayton,,Deven Thompkins,WR,0.00%,0
341,5025754386,todfrompa (17/20),0,168.66,DST Texans  FLEX Puka Nacua QB Matthew Stafford RB Tyrone Tracy Jr. RB Jaylen Wright TE Colston Loveland WR Jameson Williams WR Michael Wilson WR Kevin Austin Jr.,,Dyami Brown,WR,0.00%,1.8
341,5028207492,ayo-gunz (10/20),0,168.66,DST Bengals  FLEX Puka Nacua QB Matthew Stafford RB Tyrone Tracy Jr. RB Jaylen Wright TE Greg Dulcich WR Michael Wilson WR Tee Higgins WR Justin Jefferson,,Darren Waller,TE,0.00%,0
343,5028100033,TB1007 (5/6),0,168.59999,DST Patriots  FLEX Rhamondre Stevenson QB Jaxson Dart RB Bijan Robinson RB Tyrone Tracy Jr. TE Michael Mayer WR Ja'Marr Chase WR Parker Washington WR Kevin Austin Jr.,,Davis Mills,QB,0.00%,2.64
344,5027551320,PresidentLeach (11/20),0,168.56,DST Broncos  FLEX Colston Loveland QB Tyler Shough RB Jahmyr Gibbs RB Audric Estime TE Chig Okonkwo WR Puka Nacua WR Amon-Ra St. Brown WR Kevin Austin Jr.,,Stephen Gosnell,FLEX,0.00%,0
344,5027674378,lwhaley (3/20),0,168.56,DST Texans  FLEX Colston Loveland QB Matthew Stafford RB Bijan Robinson RB Rhamondre Stevenson TE Colby Parkinson WR Puka Nacua WR Darius Slayton WR Jerry Jeudy,,Gunnar Helm,TE,0.00%,0
344,5027785919,Karlitas16 (10/20),0,168.56,DST Vikings  FLEX Chig Okonkwo QB Matthew Stafford RB Rhamondre Stevenson RB Ray Davis TE Trey McBride WR Puka Nacua WR Michael Wilson WR Xavier Smith,,Gee Scott Jr.,FLEX,0.00%,0
344,5028028245,cheffrank (20/20),0,168.56,DST Raiders  FLEX Ashton Jeanty QB Tyler Shough RB Jahmyr Gibbs RB Tyrone Tracy Jr. TE Juwan Johnson WR Puka Nacua WR Justin Jefferson WR Kevin Austin Jr.,,Mason Taylor,TE,0.00%,0
348,5022515762,Steven1156 (1/7),0,168.54,DST Raiders  FLEX Luther Burden III QB Joe Burrow RB D'Andre Swift RB Rhamondre Stevenson TE Colston Loveland WR Ja'Marr Chase WR Tee Higgins WR Jakobi Meyers,,Quintin Morris,FLEX,0.00%,7.5
349,5022024179,bartimusg (1/2),0,168.5,DST Bengals  FLEX Travis Etienne Jr. QB Jaxson Dart RB Rhamondre Stevenson RB Tyrone Tracy Jr. TE Hunter Henry WR Michael Wilson WR DeVonta Smith WR Justin Jefferson,,Joe Flacco,QB,0.00%,0.2
349,5027414120,tlum12 (14/20),0,168.5,DST Vikings  FLEX Ashton Jeanty QB Jaxson Dart RB Tyrone Tracy Jr. RB Jordan Mason TE Tyler Higbee WR Puka Nacua WR Amon-Ra St. Brown WR Darius Slayton,,Ben Sims,TE,0.00%,2.8
351,5027798985,Blakman82 (1/2),0,168.48001,DST Browns  FLEX Justin Jefferson QB J.J. McCarthy RB Tank Bigsby RB Ty Johnson TE Greg Dulcich WR Puka Nacua WR Amon-Ra St. Brown WR Michael Wilson,,Julian Hill,TE,0.00%,1.8
351,5028932703,RehabsForQuitters (1/20),0,168.48001,DST Texans  FLEX Amon-Ra St. Brown QB Caleb Williams RB Chase Brown RB Tyrone Tracy Jr. TE Colston Loveland WR Justin Jefferson WR Jakobi Meyers WR Jerry Jeudy,,Zavier Scott,RB,0.00%,2.7
353,5028819786,Subasaurus (12/12),0,168.46,DST Raiders  FLEX Rhamondre Stevenson QB Tyler Shough RB Jonathan Taylor RB Chase Brown TE Greg Dulcich WR Drake London WR Michael Wilson WR Parker Washington,,Jakobie Keeney-James,WR,0.00%,3.5
354,5027098821,rdeal22 (16/20),0,168.38,DST Eagles  FLEX TreVeyon Henderson QB Caleb Williams RB Tyrone Tracy Jr. RB Tank Bigsby TE Colston Loveland WR Puka Nacua WR Justin Jefferson WR Luther Burden III,,Jonathan Mingo,WR,0.00%,0
355,5027605165,billylonghorn (1/2),0,168.34,DST Texans  FLEX Colston Loveland QB Drake Maye RB Chase Brown RB Rhamondre Stevenson TE Chig Okonkwo WR Puka Nacua WR Parker Washington WR Jayden Higgins,,Jake Haener,QB,0.00%,0
356,5024584750,nahoohank,0,168.30002,DST Falcons  FLEX Bijan Robinson QB Trevor Lawrence RB Ashton Jeanty RB Rhamondre Stevenson TE Colston Loveland WR Michael Wilson WR Parker Washington WR Jayden Higgins,,Zach Wood,TE,0.00%,0
357,5024018303,MrAgony (5/20),0,168.28,DST Broncos  FLEX Amon-Ra St. Brown QB Caleb Williams RB Jahmyr Gibbs RB Tyrone Tracy Jr. TE Dalton Schultz WR Justin Jefferson WR Luther Burden III WR Darius Slayton,,Najee Harris,RB,0.00%,0
358,5028384244,legreat19 (6/20),0,168.26,DST Eagles  FLEX Puka Nacua QB Matthew Stafford RB Tyrone Tracy Jr. RB Tank Bigsby TE Greg Dulcich WR Ja'Marr Chase WR Justin Jefferson WR Dante Pettis,,DeAndre Carter,WR,0.00%,0
358,5028868636,jpsully38,0,168.26,DST Broncos  FLEX Ryan Flournoy QB Matthew Stafford RB Travis Etienne Jr. RB Rhamondre Stevenson TE Hunter Henry WR Puka Nacua WR Parker Washington WR Darius Slayton,,Will Sheppard,FLEX,0.00%,0
360,5028117018,Mrjt (5/8),0,168.24,DST Chiefs  FLEX Tyrone Tracy Jr. QB Jared Goff RB Jahmyr Gibbs RB Jaylen Wright TE Colston Loveland WR Jameson Williams WR Michael Wilson WR Justin Jefferson,,Samori Toure,WR,0.00%,1.3
360,5028117019,Mrjt (6/8),0,168.24,DST Chiefs  FLEX Tyrone Tracy Jr. QB Jared Goff RB Jahmyr Gibbs RB Jaylen Wright TE Colston Loveland WR Jameson Williams WR Michael Wilson WR Justin Jefferson,,Xavier Gipson,WR,0.00%,0
360,5028932368,swat115 (2/2),0,168.24,DST Texans  FLEX Puka Nacua QB Drake Maye RB Rhamondre Stevenson RB Jaydon Blue TE Colston Loveland WR Michael Wilson WR Luther Burden III WR Jayden Higgins,,Traeshon Holden,WR,0.00%,0
363,5028216125,hd2189 (3/4),0,168.20001,DST Falcons  FLEX Jameson Williams QB Jaxson Dart RB Tank Bigsby RB Ty Johnson TE Colby Parkinson WR Puka Nacua WR Michael Wilson WR Parker Washington,,Ja'Quinden Jackson,RB,0.00%,0
364,5027632664,joseorlando420 (18/20),0,168.18001,DST Broncos  FLEX Ashton Jeanty QB Caleb Williams RB D'Andre Swift RB Tyrone Tracy Jr. TE Colston Loveland WR Puka Nacua WR Justin Jefferson WR Jahan Dotson,,Jacoby Jones,WR,0.00%,0
364,5028338086,FlopNuts26 (2/5),0,168.18001,DST Patriots  FLEX Rhamondre Stevenson QB Caleb Williams RB Chase Brown RB Jaydon Blue TE Colston Loveland WR Puka Nacua WR Luther Burden III WR Jayden Higgins,,Clyde Edwards-Helaire,FLEX,0.00%,0
366,5027668248,TheHaba (8/20),0,168.1,DST Broncos  FLEX Puka Nacua QB Jaxson Dart RB Tyrone Tracy Jr. RB Jordan Mason TE Daniel Bellinger WR Amon-Ra St. Brown WR Jakobi Meyers WR Jayden Higgins,,Ashton Dulin,FLEX,0.00%,0
366,5028727206,mr.sincere214 (1/3),0,168.1,DST Broncos  FLEX Rhamondre Stevenson QB Trevor Lawrence RB Bijan Robinson RB Jaylen Wright TE Colston Loveland WR Michael Wilson WR Luther Burden III WR Parker Washington,,Garrett Wilson,WR,0.00%,0
366,5027182888,medlama (7/20),0,168.09999,DST Texans  FLEX Puka Nacua QB Jaxson Dart RB Tyrone Tracy Jr. RB Ray Davis TE Brenton Strange WR CeeDee Lamb WR Justin Jefferson WR Darius Slayton,,McCallan Castles,FLEX,0.00%,0
369,5027748977,trav2268e (5/11),0,168.08002,DST Vikings  FLEX Justin Jefferson QB Caleb Williams RB Chase Brown RB Rhamondre Stevenson TE Colston Loveland WR Michael Wilson WR Stefon Diggs WR Luther Burden III,,Jeremiah Webb,FLEX,0.00%,0
370,5024108503,Jesbetonit,0,168.06,DST Packers  FLEX Dalton Schultz QB Matthew Stafford RB Jahmyr Gibbs RB Rhamondre Stevenson TE Colby Parkinson WR Puka Nacua WR Michael Wilson WR Lil'Jordan Humphrey,,Tim Jones,WR,0.00%,0
371,5027127427,jgriz003 (3/20),0,168,DST Jaguars  FLEX TreVeyon Henderson QB Trevor Lawrence RB Rhamondre Stevenson RB Tank Bigsby TE Hunter Henry WR Michael Wilson WR Stefon Diggs WR Parker Washington,,Patrick Mahomes,QB,0.00%,0
372,5027204048,1976STICKS (2/20),0,167.96,DST Falcons  FLEX Colston Loveland QB Matthew Stafford RB D'Andre Swift RB Rhamondre Stevenson TE Colby Parkinson WR Puka Nacua WR Jameson Williams WR DJ Moore,,Marvin Harrison Jr.,WR,0.00%,0
372,5029011600,KingSalmon5587 (4/4),0,167.96,DST Vikings  FLEX Jonathan Taylor QB Tyler Shough RB TreVeyon Henderson RB Tyrone Tracy Jr. TE Colston Loveland WR Jameson Williams WR Michael Wilson WR Parker Washington,,David Njoku,TE,0.00%,0
374,5027947751,AltonBurns (2/20),0,167.94,DST Broncos  FLEX Jameson Williams QB Jared Goff RB Tank Bigsby RB Jaydon Blue TE Colston Loveland WR Ja'Marr Chase WR Amon-Ra St. Brown WR Kevin Austin Jr.,,Raheem Mostert,RB,0.00%,0
375,5028710022,Tinkerof69 (5/5),0,167.92001,DST Patriots  FLEX Colston Loveland QB Jacoby Brissett RB Rhamondre Stevenson RB Ty Johnson TE Trey McBride WR Jameson Williams WR Michael Wilson WR Luther Burden III,,Cam Skattebo,RB,0.00%,0
376,5023309950,tshipes (9/20),0,167.9,DST Bills  FLEX Ray Davis QB Jaxson Dart RB Jahmyr Gibbs RB Jaydon Blue TE Colston Loveland WR Puka Nacua WR Michael Wilson WR Darius Slayton,,Derius Davis,WR,0.00%,1.7
377,5023577688,engelg (20/20),0,167.88,DST Bills  FLEX Jahmyr Gibbs QB Caleb Williams RB Ashton Jeanty RB Tyrone Tracy Jr. TE Colston Loveland WR Amon-Ra St. Brown WR Justin Jefferson WR Darius Cooper,,Nate Adkins,FLEX,0.00%,0
378,5024504074,magtube (1/5),0,167.86,DST Texans  FLEX Hassan Haskins QB Matthew Stafford RB D'Andre Swift RB Rhamondre Stevenson TE Colston Loveland WR Puka Nacua WR Courtland Sutton WR Alec Pierce,,Princeton Fant,FLEX,0.00%,0
379,5028912102,ALSDAWGS,0,167.84,DST Bengals  FLEX Drake London QB Joe Burrow RB Tyrone Tracy Jr. RB Audric Estime TE Colston Loveland WR Ja'Marr Chase WR Parker Washington WR Troy Franklin,,Joshua Dobbs,QB,0.00%,0.92
379,5029004664,aces640 (1/2),0,167.84,DST Bills  FLEX Rhamondre Stevenson QB Joe Burrow RB Dylan Sampson RB Jaylen Wright TE Colston Loveland WR Ja'Marr Chase WR Michael Wilson WR Justin Jefferson,,Brock Bowers,FLEX,0.00%,0
381,5027961227,GreenTailShiner (20/20),0,167.8,DST Broncos  FLEX Amon-Ra St. Brown QB Jaxson Dart RB Tyrone Tracy Jr. RB Dylan Sampson TE Daniel Bellinger WR Ja'Marr Chase WR Drake London WR Jahan Dotson,,Travis Homer,RB,0.00%,0
382,5028446106,Ecdc21 (1/2),0,167.78001,DST Broncos  FLEX Bijan Robinson QB Caleb Williams RB Rhamondre Stevenson RB Tyrone Tracy Jr. TE Hunter Henry WR Michael Wilson WR Parker Washington WR Kyle Williams,,Roschon Johnson,FLEX,0.00%,0
382,5028846186,Mistyluna (13/20),0,167.78,DST Rams  FLEX Jahmyr Gibbs QB Caleb Williams RB Chase Brown RB Tyrone Tracy Jr. TE Colston Loveland WR Tee Higgins WR Justin Jefferson WR Isaac TeSlaa,,Jordan Moore,WR,0.00%,0
384,5028916389,cdadddy,0,167.76,DST Patriots  FLEX Rhamondre Stevenson QB Tyler Shough RB Emanuel Wilson RB Tyrone Tracy Jr. TE Juwan Johnson WR Ja'Marr Chase WR Michael Wilson WR Kayshon Boutte,,Patrick Herbert,FLEX,0.00%,0
385,5028588868,mrrodgershood12 (1/2),0,167.70001,DST Browns  FLEX Parker Washington QB Trevor Lawrence RB Tyrone Tracy Jr. RB Dylan Sampson TE Hunter Henry WR Puka Nacua WR Michael Wilson WR Brian Thomas Jr.,,DJ Giddens,RB,0.00%,3
385,5027413796,bubbahuns (17/20),0,167.7,DST Vikings  FLEX Michael Mayer QB Trevor Lawrence RB Jahmyr Gibbs RB Tyrone Tracy Jr. TE Brenton Strange WR Puka Nacua WR Michael Wilson WR Darius Slayton,,Braxton Berrios,FLEX,0.00%,0
387,5027813731,cbars90 (6/20),0,167.68001,DST Raiders  FLEX Greg Dulcich QB Caleb Williams RB Jahmyr Gibbs RB Tyrone Tracy Jr. TE Colston Loveland WR Ja'Marr Chase WR Drake London WR Stefon Diggs,,Hendon Hooker,QB,0.00%,0
388,5023579445,alphonsodudley4479 (1/8),0,167.64001,DST Vikings  FLEX Greg Dulcich QB Drake Maye RB Travis Etienne Jr. RB Rhamondre Stevenson TE Colston Loveland WR Puka Nacua WR Michael Wilson WR Parker Washington,,Robbie Chosen,WR,0.00%,0
388,5027076910,PlayboyArcher (5/10),0,167.64001,DST Vikings  FLEX Colston Loveland QB Drake Maye RB Chase Brown RB Rhamondre Stevenson TE Hunter Henry WR Michael Wilson WR Stefon Diggs WR Parker Washington,,Quinshon Judkins,FLEX,0.00%,0
388,5027627225,gburn4 (2/3),0,167.64,DST Vikings  FLEX Konata Mumpfield QB Joe Burrow RB Chase Brown RB Rhamondre Stevenson TE Trey McBride WR Ja'Marr Chase WR Alec Pierce WR Jalen Nailor,,Ryan Miller,WR,0.00%,0
388,5028085415,bde61 (15/20),0,167.64,DST Texans  FLEX TreVeyon Henderson QB Shedeur Sanders RB Chase Brown RB Rhamondre Stevenson TE Colston Loveland WR Puka Nacua WR Parker Washington WR Jerry Jeudy,,Amar Johnson,FLEX,0.00%,0
392,5028086572,yawkeyway8 (5/20),0,167.62001,DST Vikings  FLEX Hunter Henry QB Jacoby Brissett RB Tyrone Tracy Jr. RB Ray Davis TE Trey McBride WR Puka Nacua WR Michael Wilson WR Kevin Austin Jr.,,Jalen Brooks,WR,0.00%,0
392,5028080515,fateddylacy (2/3),0,167.62,DST Eagles  FLEX Trey McBride QB Jacoby Brissett RB Rhamondre Stevenson RB Tyrone Tracy Jr. TE Michael Mayer WR Puka Nacua WR Michael Wilson WR Kevin Austin Jr.,,Donovan Edwards,RB,0.00%,0
394,5028984552,MUwarriors91 (4/5),0,167.6,DST Broncos  FLEX Puka Nacua QB Trevor Lawrence RB Tank Bigsby RB Jaydon Blue TE Daniel Bellinger WR Ja'Marr Chase WR Michael Wilson WR Dante Pettis,,Moliki Matavao,TE,0.00%,0
394,5028995027,bwelsh22 (2/5),0,167.6,DST Raiders  FLEX Amon-Ra St. Brown QB Trevor Lawrence RB Tank Bigsby RB Jaydon Blue TE Colston Loveland WR Puka Nacua WR Jakobi Meyers WR Brian Thomas Jr.,,Chris Myarick,FLEX,0.00%,0
396,5028593195,Cannida04 (3/5),0,167.56001,DST Falcons  FLEX Tyrone Tracy Jr. QB Matthew Stafford RB Kyren Williams RB Jaydon Blue TE Colby Parkinson WR Puka Nacua WR Justin Jefferson WR Luther Burden III,,Nick Muse,FLEX,0.00%,0
396,5020445344,tjos4me,0,167.56,DST Browns  FLEX Juwan Johnson QB Matthew Stafford RB Saquon Barkley RB Rhamondre Stevenson TE Colby Parkinson WR Puka Nacua WR DeVonta Smith WR Parker Washington,,Pierre Strong Jr.,RB,0.00%,0
396,5027765405,Gwayneb1 (16/20),0,167.56,DST Bengals  FLEX Rhamondre Stevenson QB Tyler Shough RB Jahmyr Gibbs RB Jaydon Blue TE Kyle Pitts Sr. WR Ja'Marr Chase WR Tee Higgins WR Kevin Austin Jr.,,Tanner Conner,TE,0.00%,0
399,5028253602,skoles (2/5),0,167.54001,DST Broncos  FLEX Brenton Strange QB Joe Burrow RB Jahmyr Gibbs RB Tyrone Tracy Jr. TE Mike Gesicki WR Ja'Marr Chase WR Tee Higgins WR Darius Slayton,,Theo Johnson,TE,0.00%,0
399,5028592518,Fox4MGoBlue (9/20),0,167.54,DST Browns  FLEX Ja'Marr Chase QB Joe Burrow RB TreVeyon Henderson RB Rhamondre Stevenson TE Colby Parkinson WR Drake London WR DJ Moore WR Chimere Dike,,Jimmy Holiday,FLEX,0.00%,0
399,5028592519,Fox4MGoBlue (10/20),0,167.54,DST Browns  FLEX Ja'Marr Chase QB Joe Burrow RB TreVeyon Henderson RB Rhamondre Stevenson TE Colby Parkinson WR Drake London WR DJ Moore WR Chimere Dike,,K.J. Osborn,WR,0.00%,0
402,5022749651,joeypress,0,167.5,DST Jaguars  FLEX Brenton Strange QB Trevor Lawrence RB Rhamondre Stevenson RB Kyle Monangai TE Colston Loveland WR Ja'Marr Chase WR CeeDee Lamb WR Parker Washington,,David Martin-Robinson,TE,0.00%,2.4
402,5027240537,Damonri (10/20),0,167.5,DST Vikings  FLEX Michael Wilson QB Jaxson Dart RB Tyrone Tracy Jr. RB Jordan Mason TE Colston Loveland WR Puka Nacua WR Jameson Williams WR Darius Slayton,,Lance McCutcheon,WR,0.00%,0
404,5024448633,rroopinsurance (17/20),0,167.44,DST Vikings  FLEX Jaylen Wright QB Drake Maye RB Rhamondre Stevenson RB Tyrone Tracy Jr. TE Hunter Henry WR Puka Nacua WR Justin Jefferson WR Luther Burden III,,Kendric Pryor,FLEX,0.00%,0
404,5027991092,hitnethang24 (13/20),0,167.44,DST Texans  FLEX Michael Wilson QB Tanner McKee RB TreVeyon Henderson RB Rhamondre Stevenson TE Grant Calcaterra WR Puka Nacua WR Ja'Marr Chase WR Darius Cooper,,Ahmani Marshall,RB,0.00%,0
406,5028470386,The_Duffer (2/5),0,167.38,DST Broncos  FLEX Jaydon Blue QB Caleb Williams RB Bijan Robinson RB Rhamondre Stevenson TE Colston Loveland WR Puka Nacua WR Parker Washington WR Brandin Cooks,,Jackson Meeks,WR,0.00%,0
407,5026398856,KelLion,0,167.36,DST Falcons  FLEX TreVeyon Henderson QB Matthew Stafford RB Tank Bigsby RB Ray Davis TE Grant Calcaterra WR Puka Nacua WR Michael Wilson WR Jakobi Meyers,,Caleb Lohner,TE,0.00%,0
407,5027424677,schif100 (8/17),0,167.36,DST Broncos  FLEX Jahmyr Gibbs QB C.J. Stroud RB Chase Brown RB Rhamondre Stevenson TE Brenton Strange WR Michael Wilson WR Michael Pittman Jr. WR Jayden Higgins,,Tyson Bagent,QB,0.00%,0
407,5028546559,senseiyeta (3/3),0,167.36,DST Browns  FLEX Bijan Robinson QB Matthew Stafford RB Rhamondre Stevenson RB Tony Pollard TE Colby Parkinson WR Puka Nacua WR Josh Downs WR Darius Slayton,,Brenden Rice,WR,0.00%,0
410,5025948185,Lingweenie (3/20),0,167.34,DST Broncos  FLEX Puka Nacua QB Tanner McKee RB Chase Brown RB Tyrone Tracy Jr. TE Grant Calcaterra WR Drake London WR Michael Wilson WR Kevin Austin Jr.,,Reggie Gilliam,RB,0.00%,3.6
411,5028086571,yawkeyway8 (4/20),0,167.31999,DST Vikings  FLEX Jayden Higgins QB Jacoby Brissett RB Tyrone Tracy Jr. RB Ray Davis TE Trey McBride WR Puka Nacua WR Michael Wilson WR Kevin Austin Jr.,,Sione Vaki,RB,0.00%,0
412,5028175011,FKHooligan (13/20),0,167.3,DST Commanders  FLEX Bijan Robinson QB Trevor Lawrence RB Chase Brown RB Rhamondre Stevenson TE Colston Loveland WR Michael Wilson WR Parker Washington WR Kevin Austin Jr.,,Easton Stick,QB,0.00%,0
413,5024226617,havenots814 (3/6),0,167.26001,DST Texans  FLEX Puka Nacua QB Matthew Stafford RB Kyren Williams RB Tank Bigsby TE Colston Loveland WR Justin Jefferson WR Parker Washington WR Kevin Austin Jr.,,Robert Tonyan,FLEX,0.00%,0
413,5027765409,Gwayneb1 (20/20),0,167.26001,DST Broncos  FLEX Rhamondre Stevenson QB Tyler Shough RB Jahmyr Gibbs RB Jaydon Blue TE Kyle Pitts Sr. WR Ja'Marr Chase WR Jakobi Meyers WR Kevin Austin Jr.,,E.J. Jenkins,TE,0.00%,0
413,5028175007,FKHooligan (9/20),0,167.26001,DST Texans  FLEX Bijan Robinson QB C.J. Stroud RB Chase Brown RB Rhamondre Stevenson TE Colston Loveland WR Michael Wilson WR Parker Washington WR Kevin Austin Jr.,,Durham Smythe,FLEX,0.00%,0
413,5028096231,lpetz85,0,167.26,DST Browns  FLEX Terry McLaurin QB Matthew Stafford RB Rhamondre Stevenson RB Jaydon Blue TE Trey McBride WR Puka Nacua WR Jayden Higgins WR Darius Slayton,,Zach Horton,TE,0.00%,0
417,5028517757,TeamBestie,0,167.22,DST Vikings  FLEX Trey McBride QB Jacoby Brissett RB Rhamondre Stevenson RB Jaydon Blue TE Greg Dulcich WR Puka Nacua WR Michael Wilson WR Justin Jefferson,,Nick Mullens,QB,0.00%,0.44
418,5027900184,jjelsone0001 (20/20),0,167.2,DST Broncos  FLEX Darius Cooper QB Jaxson Dart RB TreVeyon Henderson RB Tyrone Tracy Jr. TE Dalton Schultz WR Puka Nacua WR Ja'Marr Chase WR Darius Slayton,,River Cracraft,WR,0.00%,0
419,5025950815,marsh2021 (6/20),0,167.18001,DST Broncos  FLEX Colston Loveland QB Caleb Williams RB Tank Bigsby RB Jordan Mason TE Hunter Henry WR Ja'Marr Chase WR Michael Wilson WR Justin Jefferson,,Luke Lachey,FLEX,0.00%,0
420,5020616574,PAPABEAR01 (1/2),0,167.14001,DST Patriots  FLEX Colston Loveland QB Drake Maye RB D'Andre Swift RB Rhamondre Stevenson TE Colby Parkinson WR Ja'Marr Chase WR Stefon Diggs WR Parker Washington,,Mason Kinsey,WR,0.00%,0
420,5027678178,vikesfan218 (5/11),0,167.14001,DST Jaguars  FLEX Audric Estime QB Jared Goff RB Chase Brown RB TreVeyon Henderson TE Colston Loveland WR Amon-Ra St. Brown WR Parker Washington WR Jayden Higgins,,Will Levis,QB,0.00%,0
420,5027254154,GoodSamaritan,0,167.14,DST Texans  FLEX Tyler Allgeier QB Joe Burrow RB Rhamondre Stevenson RB Tyrone Tracy Jr. TE Michael Mayer WR Puka Nacua WR Tee Higgins WR Luther Burden III,,Danny Gray,WR,0.00%,0
423,5028209142,mjr65 (12/20),0,167.1,DST Browns  FLEX Puka Nacua QB Trevor Lawrence RB Kyren Williams RB Tyrone Tracy Jr. TE Brenton Strange WR Jakobi Meyers WR Luther Burden III WR Parker Washington,,JaMycal Hasty,RB,0.00%,0
423,5028818521,dlrobioh,0,167.1,DST Vikings  FLEX Tank Bigsby QB Trevor Lawrence RB Bijan Robinson RB Tyrone Tracy Jr. TE Colston Loveland WR Michael Wilson WR Parker Washington WR Jayden Higgins,,Bryson Green,WR,0.00%,0
425,5027358340,oltjpack (11/20),0,167.06,DST Bengals  FLEX Puka Nacua QB Matthew Stafford RB Ray Davis RB Jaydon Blue TE Grant Calcaterra WR Ja'Marr Chase WR Michael Wilson WR Jahan Dotson,,Tanner McLachlan,FLEX,0.00%,0
425,5028637962,Bridg420 (2/13),0,167.06,DST Jaguars  FLEX Darius Slayton QB Matthew Stafford RB Rhamondre Stevenson RB Jaylen Wright TE Colby Parkinson WR Puka Nacua WR Michael Wilson WR DeVonta Smith,,Terrace Marshall,WR,0.00%,0
425,5028644919,brandon8740 (3/3),0,167.06,DST Commanders  FLEX Jaydon Blue QB Tyler Shough RB TreVeyon Henderson RB Rhamondre Stevenson TE Trey McBride WR Puka Nacua WR Justin Jefferson WR Hollywood Brown,,Jashaun Corbin,FLEX,0.00%,0
428,5027747095,AESolutions (16/20),0,167.04001,DST Texans  FLEX Greg Dulcich QB Drake Maye RB Rhamondre Stevenson RB Audric Estime TE Colston Loveland WR Puka Nacua WR Michael Wilson WR Stefon Diggs,,Jeshaun Jones,FLEX,0.00%,0