Week,Player,Roster Position,%Drafted,FPTS
3,Rome Odunze,FLEX,41.36%,15.2
3,CeeDee Lamb,WR,36.07%,0.0
3,Jordan Mason,RB,35.48%,26.6
3,Bijan Robinson,RB,34.92%,16.1
3,Kenneth Walker III,RB,33.95%,18.0
3,Christian McCaffrey,RB,25.47%,24.0
3,Jonathan Taylor,RB,24.07%,35.8
3,Juwan Johnson,TE,19.96%,11.1
3,Javonte Williams,RB,19.85%,13.2
3,Keenan Allen,FLEX,17.88%,19.5
3,Dak Prescott,QB,17.85%,14.04
3,Puka Nacua,WR,15.73%,25.8
3,Caleb Williams,QB,14.60%,29.12
3,Tyler Warren,TE,14.50%,6.8
3,Jaxon Smith-Njigba,WR,13.43%,20.6
3,Packers,DST,12.85%,8.0
3,Marcus Mariota,QB,11.81%,21.28
3,Justin Jefferson,WR,11.64%,12.5
3,Jake Ferguson,TE,11.26%,21.2
3,DJ Moore,WR,11.24%,12.8
3,Trey McBride,TE,10.97%,15.3
3,Ricky Pearsall,WR,10.96%,22.7
3,George Pickens,FLEX,10.96%,17.8
3,Falcons,DST,10.50%,3.0
3,Bucky Irving,FLEX,10.00%,13.9
3,Raiders,DST,9.99%,-1.0
3,Saquon Barkley,RB,9.95%,9.5
3,Nico Collins,WR,9.88%,26.4
3,DK Metcalf,WR,9.28%,12.2
3,Deebo Samuel Sr.,WR,9.24%,4.9
3,Mike Evans,WR,8.61%,13.3
3,Alvin Kamara,FLEX,8.59%,6.6
3,Tetairoa McMillan,WR,8.42%,7.8
3,Carson Wentz,QB,8.41%,15.32
3,Seahawks,DST,8.01%,16.0
3,Brock Bowers,FLEX,7.84%,9.8
3,Jakobi Meyers,WR,7.36%,9.3
3,Jaylen Warren,RB,7.33%,13.1
3,Michael Pittman Jr.,WR,7.33%,19.3
3,Ja'Marr Chase,WR,7.11%,9.9
3,Troy Franklin,WR,7.09%,2.8
3,Daniel Jones,QB,6.82%,15.82
3,Davante Adams,WR,6.79%,14.6
3,Drake London,WR,6.19%,10.5
3,Travis Etienne Jr.,RB,6.11%,11.6
3,Bengals,DST,5.84%,-1.0
3,Kyle Pitts Sr.,TE,5.67%,7.9
3,Patriots,DST,5.55%,2.0
3,Brian Thomas Jr.,WR,5.47%,7.5
3,Ladd McConkey,WR,5.37%,8.1
3,Colts,DST,5.34%,15.0
3,A.J. Brown,WR,5.25%,25.9
3,Justin Herbert,QB,5.14%,18.6
3,Drake Maye,QB,5.13%,21.22
3,Jaguars,DST,4.77%,12.0
3,Zach Ertz,TE,4.65%,6.8
3,Vikings,DST,4.57%,30.0
3,Breece Hall,RB,4.49%,9.2
3,Quentin Johnston,WR,4.35%,14.9
3,Harold Fannin Jr.,TE,4.21%,5.5
3,T.J. Hockenson,TE,4.17%,15.9
3,Tony Pollard,RB,4.00%,13.9
3,Josh Jacobs,RB,3.94%,12.4
3,Baker Mayfield,QB,3.90%,17.72
3,Commanders,DST,3.70%,11.0
3,Garrett Wilson,WR,3.70%,24.4
3,Texans,DST,3.58%,5.0
3,Marvin Harrison Jr.,WR,3.57%,7.4
3,Jets,DST,3.56%,9.0
3,Steelers,DST,3.55%,16.0
3,Terry McLaurin,WR,3.46%,10.4
3,Chase Brown,RB,3.38%,6.0
3,Browns,DST,3.32%,13.0
3,Elic Ayomanor,WR,3.28%,13.8
3,Dallas Goedert,TE,3.26%,10.3
3,Hunter Renfrow,WR,3.17%,2.6
3,Buccaneers,DST,3.15%,14.0
3,Cooper Kupp,WR,3.08%,5.1
3,Mac Jones,QB,3.06%,14.26
3,Jalen Hurts,QB,3.01%,30.04
3,Chris Olave,WR,2.87%,15.7
3,Dontayvion Wicks,FLEX,2.80%,4.1
3,Courtland Sutton,WR,2.78%,26.8
3,Calvin Ridley,FLEX,2.77%,3.7
3,Tucker Kraft,TE,2.72%,5.9
3,Jacory Croskey-Merritt,RB,2.56%,10.1
3,Stefon Diggs,WR,2.43%,5.3
3,Kayshon Boutte,WR,2.41%,4.8
3,Romeo Doubs,WR,2.40%,4.5
3,Emeka Egbuka,FLEX,2.36%,14.5
3,Rhamondre Stevenson,RB,2.23%,6.6
3,Chuba Hubbard,FLEX,2.21%,9.6
3,Hunter Henry,TE,2.17%,29.0
3,Sam Darnold,QB,2.10%,16.72
3,Ashton Jeanty,RB,2.06%,6.3
3,Jonnu Smith,TE,1.95%,5.3
3,Chargers,DST,1.93%,3.0
3,Aaron Rodgers,QB,1.90%,12.66
3,C.J. Stroud,QB,1.82%,12.36
3,Jordan Love,QB,1.81%,12.12
3,Jake Tonges,TE,1.81%,4.1
3,Jake Browning,QB,1.76%,7.9
3,Saints,DST,1.70%,-2.0
3,D'Andre Swift,RB,1.69%,10.8
3,Matthew Golden,WR,1.63%,10.1
3,Cowboys,DST,1.57%,-1.0
3,DeVonta Smith,WR,1.56%,20.0
3,Titans,DST,1.55%,-4.0
3,David Njoku,TE,1.53%,9.0
3,Tee Higgins,WR,1.47%,2.5
3,Michael Penix Jr.,QB,1.41%,5.78
3,Bo Nix,QB,1.39%,13.42
3,Cade Otton,TE,1.35%,0.0
3,Josh Downs,WR,1.30%,5.4
3,Kyler Murray,QB,1.28%,14.06
3,Calvin Austin III,WR,1.24%,12.4
3,Tyrod Taylor,QB,1.20%,18.68
3,Bryce Young,QB,1.18%,11.64
3,Quinshon Judkins,RB,1.15%,16.5
3,Christian Kirk,FLEX,1.15%,5.5
3,Geno Smith,QB,1.15%,26.06
3,Ja'Tavion Sanders,TE,1.15%,3.1
3,Matthew Stafford,QB,1.10%,14.84
3,49ers,DST,1.07%,5.0
3,Travis Hunter,WR,1.06%,3.1
3,Nick Chubb,RB,1.04%,7.0
3,Dalton Schultz,TE,1.03%,8.9
3,Rams,DST,1.00%,5.0
3,J.K. Dobbins,RB,0.99%,15.3
3,Tyler Conklin,TE,0.98%,0.0
3,Darnell Mooney,WR,0.96%,8.4
3,James Conner,RB,0.95%,6.7
3,Trevor Lawrence,QB,0.93%,8.78
3,Dyami Brown,WR,0.93%,2.7
3,Kendrick Bourne,WR,0.92%,7.8
3,Rashid Shaheed,WR,0.92%,8.2
3,Eagles,DST,0.91%,13.0
3,Olamide Zaccheaus,WR,0.88%,6.6
3,Kyren Williams,RB,0.87%,19.2
3,Cedric Tillman,WR,0.87%,5.6
3,Jerry Jeudy,WR,0.84%,2.7
3,Cardinals,DST,0.83%,6.0
3,KaVontae Turpin,WR,0.82%,8.8
3,Pat Freiermuth,TE,0.79%,1.6
3,Chig Okonkwo,TE,0.79%,11.6
3,Adam Trautman,TE,0.79%,0.0
3,Sterling Shepard,WR,0.74%,12.0
3,TreVeyon Henderson,RB,0.71%,7.7
3,Cole Kmet,TE,0.70%,8.0
3,Brenton Strange,TE,0.66%,12.1
3,Alec Pierce,FLEX,0.64%,10.7
3,Jalen Nailor,WR,0.64%,6.7
3,Colston Loveland,TE,0.63%,4.1
3,Tre Tucker,WR,0.58%,43.9
3,Omarion Hampton,RB,0.55%,24.9
3,Spencer Rattler,QB,0.53%,12.72
3,Cam Ward,QB,0.50%,12.96
3,Adam Thielen,WR,0.50%,0.0
3,Tyler Allgeier,RB,0.50%,1.4
3,Bears,DST,0.49%,11.0
3,Bhayshul Tuten,RB,0.47%,8.1
3,Marvin Mims Jr.,WR,0.40%,1.4
3,Broncos,DST,0.39%,9.0
3,Tyler Higbee,TE,0.36%,0.0
3,Rachaad White,RB,0.34%,2.4
3,Luke Musgrave,TE,0.31%,0.0
3,Mason Taylor,TE,0.27%,5.8
3,Noah Fant,TE,0.27%,6.6
3,Panthers,DST,0.25%,22.0
3,Luke Farrell,TE,0.22%,0.0
3,Davis Allen,TE,0.19%,1.3
3,Kyle Monangai,RB,0.19%,3.0
3,Dont'e Thornton Jr.,WR,0.19%,4.9
3,AJ Barner,TE,0.19%,3.3
3,Elijah Arroyo,TE,0.19%,0.0
3,Joe Flacco,QB,0.17%,4.68
3,Michael Wilson,FLEX,0.16%,1.5
3,Mike Gesicki,FLEX,0.15%,1.6
3,Parker Washington,WR,0.15%,7.4
3,Trey Benson,FLEX,0.15%,8.1
3,Luther Burden III,FLEX,0.13%,22.8
3,Tory Horton,WR,0.13%,18.2
3,DeMario Douglas,WR,0.13%,2.7
3,Jalen Tolbert,WR,0.11%,7.4
3,Jayden Higgins,FLEX,0.11%,1.5
3,Dylan Sampson,RB,0.10%,0.2
3,Najee Harris,RB,0.10%,2.8
3,Jauan Jennings,FLEX,0.09%,0.0
3,Miles Sanders,RB,0.09%,8.3
3,RJ Harvey,FLEX,0.09%,4.6
3,Chris Rodriguez Jr.,FLEX,0.08%,3.9
3,David Moore,WR,0.08%,1.5
3,Adonai Mitchell,WR,0.08%,0.0
3,Tyler Johnson,FLEX,0.07%,5.2
3,Jahan Dotson,WR,0.07%,1.7
3,Austin Hooper,TE,0.06%,4.8
3,Jaylin Lane,FLEX,0.06%,6.8
3,Kenneth Gainwell,RB,0.06%,9.6
3,Blake Corum,FLEX,0.06%,5.3
3,Brycen Tremayne,WR,0.06%,3.5
3,Woody Marks,RB,0.05%,4.6
3,Mack Hollins,WR,0.05%,6.7
3,Jeremy McNichols,FLEX,0.05%,13.8
3,Brian Robinson Jr.,RB,0.05%,2.2
3,Braelon Allen,RB,0.05%,6.7
3,Ray-Ray McCloud III,WR,0.05%,4.0
3,Xavier Hutchinson,WR,0.04%,4.6
3,Michael Mayer,TE,0.04%,0.0
3,George Holani,RB,0.04%,5.2
3,Jeremy Ruckert,TE,0.04%,0.0
3,Marquez Valdes-Scantling,WR,0.04%,1.9
3,Luke McCaffrey,WR,0.04%,14.6
3,Ben Skowronek,FLEX,0.03%,0.0
3,Tyler Lockett,WR,0.03%,7.7
3,Antonio Gibson,RB,0.03%,1.8
3,Jerome Ford,RB,0.03%,5.0
3,Oronde Gadsden II,TE,0.03%,9.6
3,Allen Lazard,FLEX,0.03%,9.3
3,Andrei Iosivas,WR,0.03%,0.0
3,Elijah Higgins,FLEX,0.03%,1.7
3,Brandin Cooks,FLEX,0.03%,5.4
3,Isaiah Bond,WR,0.02%,3.6
3,Gunnar Helm,FLEX,0.02%,5.7
3,Savion Williams,WR,0.02%,-0.1
3,Van Jefferson,WR,0.02%,1.8
3,Mitchell Tinsley,FLEX,0.02%,0.0
3,Zavier Scott,RB,0.02%,6.0
3,Ryan Miller,WR,0.02%,0.0
3,Arian Smith,WR,0.02%,2.2
3,Malik Heath,WR,0.02%,0.0
3,Chimere Dike,WR,0.02%,3.5
3,Grant Calcaterra,TE,0.01%,0.0
3,Roschon Johnson,RB,0.01%,0.0
3,Kyle Juszczyk,RB,0.01%,7.1
3,Greg Dortch,WR,0.01%,2.8
3,Kyle Williams,FLEX,0.01%,1.8
3,Zamir White,RB,0.01%,3.3
3,Tre' Harris,WR,0.01%,0.0
3,Jordan Whittington,WR,0.01%,3.4
3,Skyy Moore,WR,0.01%,2.0
3,Raheim Sanders,FLEX,0.01%,0.0
3,Josh Oliver,TE,0.01%,8.2
3,Rico Dowdle,RB,0.01%,10.8
3,Xavier Legette,FLEX,0.01%,0.0
3,Zay Jones,WR,0.01%,4.5
3,Evan Engram,TE,0.01%,0.0
3,Lucas Krull,TE,0.01%,1.9
3,Darnell Washington,TE,0.01%,0.0
3,Chris Brooks,RB,0.01%,0.0
3,Roman Wilson,WR,0.01%,0.0
3,Mo Alie-Cox,FLEX,0.01%,0.0
3,Tutu Atwell,WR,0.01%,0.0
3,Tommy Tremble,FLEX,0.01%,3.6
3,Brayden Willis,FLEX,0.01%,0.0
3,Tez Johnson,WR,0.01%,0.0
3,DJ Giddens,RB,0.01%,0.3
3,Tank Bigsby,RB,0.01%,0.0
3,Luke Schoonmaker,FLEX,0.01%,1.5
3,Jayden Daniels,QB,0.01%,0.0
3,Jaydon Blue,FLEX,0.01%,0.0
3,Jaleel McLaughlin,RB,0.01%,0.0
3,Zach Charbonnet,FLEX,0.01%,0.0
3,A.J. Dillon,RB,0.01%,0.0
3,Hunter Long,FLEX,0.01%,3.2
3,Jaylin Noel,WR,0.01%,1.4
3,Trevor Etienne,RB,0.01%,-1.0
3,Raheem Mostert,RB,0.01%,0.0
3,Kaleb Johnson,FLEX,0.01%,0.0
3,Kirk Cousins,QB,0.00%,1.16
3,Pat Bryant,WR,0.00%,0.0
3,Isaac Guerendo,RB,0.00%,0.0
3,Aaron Jones Sr.,FLEX,0.00%,0.0
3,Tyler Badie,RB,0.00%,0.0
3,Chris Godwin Jr.,FLEX,0.00%,0.0
3,Ben Sinnott,FLEX,0.00%,0.0
3,Harrison Bryant,TE,0.00%,0.0
3,Joe Burrow,QB,0.00%,0.0
3,Jack Bech,WR,0.00%,2.0
3,Jordan James,FLEX,0.00%,0.0
3,John FitzPatrick,FLEX,0.00%,9.2
3,Keilan Robinson,FLEX,0.00%,0.0
3,Devaughn Vele,WR,0.00%,0.0
3,Chris Moore,WR,0.00%,4.5
3,Easton Stick,QB,0.00%,0.0
3,Dylan Laube,RB,0.00%,0.2
3,Brevyn Spann-Ford,TE,0.00%,0.0
3,Jake Bobo,WR,0.00%,0.0
3,Cade Stover,TE,0.00%,0.0
3,Ashton Dulin,FLEX,0.00%,0.0
3,Ameer Abdullah,RB,0.00%,0.0
3,Isaiah Davis,RB,0.00%,0.0
3,Donovan Edwards,RB,0.00%,0.0
3,David Martin-Robinson,TE,0.00%,0.0
3,Brock Purdy,QB,0.00%,0.0
3,KhaDarel Hodge,WR,0.00%,0.0
3,Nate Adkins,FLEX,0.00%,0.0
3,Max Brosmer,QB,0.00%,1.16
3,Colby Parkinson,TE,0.00%,0.0
3,Anthony Richardson Sr.,QB,0.00%,-0.1
3,Sean Tucker,FLEX,0.00%,0.0
3,Darius Cooper,WR,0.00%,0.0
3,Payne Durham,FLEX,0.00%,0.0
3,Dameon Pierce,RB,0.00%,0.0
3,Messiah Swinson,FLEX,0.00%,0.0
3,Terrance Ferguson,TE,0.00%,0.0
3,Jamari Thrash,WR,0.00%,2.7
3,Durham Smythe,TE,0.00%,0.0
3,Malik Turner,WR,0.00%,0.0
3,Maximilian Mang,FLEX,0.00%,0.0
3,Mason Tipton,FLEX,0.00%,0.0
3,Tank Dell,WR,0.00%,0.0
3,Jayden Reed,WR,0.00%,0.0
3,Kurtis Rourke,QB,0.00%,0.0
3,Kedon Slovis,QB,0.00%,0.0
3,J.J. McCarthy,QB,0.00%,0.0
3,Jordan Mims,FLEX,0.00%,0.0
3,Samaje Perine,RB,0.00%,1.1
3,Ryan Flournoy,WR,0.00%,4.1
3,Jacoby Jones,FLEX,0.00%,0.0
3,Brittain Brown,FLEX,0.00%,0.0
3,George Kittle,TE,0.00%,0.0
3,Will Dissly,FLEX,0.00%,0.0
3,Will Shipley,RB,0.00%,0.0
3,Dylan Drummond,FLEX,0.00%,0.0
3,Ben Sims,FLEX,0.00%,0.0
3,Princeton Fant,FLEX,0.00%,0.0
3,Erik Ezukanma,WR,0.00%,0.0
3,Scotty Miller,WR,0.00%,0.0
3,Kameron Johnson,WR,0.00%,0.0
3,Jakob Johnson,TE,0.00%,0.0
3,Charlie Woerner,TE,0.00%,0.5
3,Feleipe Franks,TE,0.00%,0.0
3,Michael Carter,RB,0.00%,0.0
3,Patrick Herbert,TE,0.00%,0.0
3,Drew Sample,TE,0.00%,10.0
3,Tyson Bagent,QB,0.00%,0.0
3,Kimani Vidal,FLEX,0.00%,0.0
3,Kendre Miller,RB,0.00%,5.6
3,Michael Bandy,WR,0.00%,0.0
3,Miles Boykin,WR,0.00%,0.0
3,Cedrick Wilson Jr.,FLEX,0.00%,0.0
3,Malik Davis,FLEX,0.00%,0.0
3,Dillon Gabriel,QB,0.00%,0.0
3,Tip Reiman,TE,0.00%,2.8
3,Zonovan Knight,RB,0.00%,0.0
3,Tyler Shough,QB,0.00%,0.0
3,Xavier Weaver,WR,0.00%,0.0
3,British Brooks,FLEX,0.00%,0.0
3,Tyler Ott,FLEX,0.00%,0.0
3,Ronnie Rivers,RB,0.00%,0.0
3,Andrew DePaola,FLEX,0.00%,0.0
3,Efton Chism III,WR,0.00%,0.0
3,Austin Ekeler,RB,0.00%,0.0
3,JaQuae Jackson,WR,0.00%,0.0
3,Joshua Simon,FLEX,0.00%,0.0
3,Deshaun Watson,QB,0.00%,0.0
3,Ja'seem Reed,WR,0.00%,0.0
3,Treylon Burks,WR,0.00%,0.0
3,Johnny Wilson,WR,0.00%,0.0
3,Hassan Haskins,FLEX,0.00%,0.0
3,Tejhaun Palmer,FLEX,0.00%,0.0
3,Jahdae Walker,WR,0.00%,0.0
3,E.J. Jenkins,TE,0.00%,0.0
3,Carter Runyon,FLEX,0.00%,0.0
3,Jalen Brooks,WR,0.00%,0.0
3,Hunter Luepke,RB,0.00%,0.0
3,Nick Kallerup,TE,0.00%,0.0
3,Josh Williams,RB,0.00%,0.0
3,Trey Sermon,FLEX,0.00%,0.0
3,Johnny Mundt,FLEX,0.00%,1.7
3,Tim Jones,WR,0.00%,0.0
3,Trey Lance,QB,0.00%,0.0
3,Dare Ogunbowale,FLEX,0.00%,0.0
3,Brandon Smith,WR,0.00%,0.0
3,Tru Edwards,WR,0.00%,0.0
3,Moliki Matavao,FLEX,0.00%,0.0
3,Brandon Allen,QB,0.00%,0.0
3,Josh Johnson,QB,0.00%,0.0
3,Eric Saubert,TE,0.00%,2.2
3,Zach Wood,TE,0.00%,0.0
3,Jalen McMillan,WR,0.00%,0.0
3,Lew Nichols,FLEX,0.00%,0.0
3,Josh Reynolds,WR,0.00%,0.0
3,Casey Washington,WR,0.00%,0.0
3,Andy Dalton,QB,0.00%,-0.1
3,Jeshaun Jones,WR,0.00%,0.0
3,Chris Blair,WR,0.00%,0.0
3,Justin Shorter,WR,0.00%,0.0
3,Julius Chestnut,RB,0.00%,2.6
3,Tommy Mellott,FLEX,0.00%,0.0
3,Jack Stoll,TE,0.00%,10.1
3,Emanuel Wilson,RB,0.00%,2.5
3,Brandon Aiyuk,WR,0.00%,0.0
3,Courtney Jackson,WR,0.00%,0.0
3,Josiah Deguara,TE,0.00%,0.0
3,Stephen Carlson,FLEX,0.00%,0.0
3,Hendon Hooker,QB,0.00%,0.0
3,Treyton Welch,TE,0.00%,0.0
3,Ian Thomas,TE,0.00%,0.0
3,Deuce Vaughn,RB,0.00%,0.0
3,Stone Smartt,TE,0.00%,0.0
3,Jonathon Brooks,RB,0.00%,0.0
3,JJ Galbreath,TE,0.00%,0.0
3,Devin Neal,RB,0.00%,0.0
3,Dennis Houston,FLEX,0.00%,0.0
3,Teddy Bridgewater,QB,0.00%,0.0
3,Silas Bolden,FLEX,0.00%,0.0
3,Javon Baker,FLEX,0.00%,0.0
3,John Metchie III,FLEX,0.00%,1.8
3,Alex Bachman,WR,0.00%,0.0
3,Dalevon Campbell,WR,0.00%,0.0
3,Terrell Jennings,RB,0.00%,0.0
3,CJ Dippre,TE,0.00%,0.0
3,Tim Patrick,WR,0.00%,2.6
3,Ko Kieft,TE,0.00%,0.0
3,Jacardia Wright,RB,0.00%,2.0
3,Dareke Young,WR,0.00%,2.2
3,Bryson Nesbit,TE,0.00%,0.0
3,Ulysses Bentley IV,RB,0.00%,0.0
3,Laquon Treadwell,WR,0.00%,0.0
3,Tyrone Broden,WR,0.00%,0.0
3,Adam Prentice,FLEX,0.00%,0.0
3,Derius Davis,WR,0.00%,-0.8
3,Jawhar Jordan,RB,0.00%,0.0
3,Luke Grimm,WR,0.00%,0.0
3,Mecole Hardman,WR,0.00%,0.0
3,Xazavian Valladay,RB,0.00%,0.0
3,Anthony Gould,WR,0.00%,0.0
3,Joshua Dobbs,QB,0.00%,0.0
3,Hunter Dekkers,QB,0.00%,0.0
3,Colson Yankoff,FLEX,0.00%,0.0
